filename;defect probability;wafer;crack;inactive;blob;finger;testset
cell0001.png;1;mono;1;0;0;0;0
cell0002.png;1;mono;1;0;0;1;0
cell0003.png;1;mono;1;0;0;0;0
cell0004.png;0;mono;0;0;0;0;0
cell0005.png;1;mono;0;0;1;1;0
cell0006.png;1;mono;1;0;0;1;0
cell0007.png;1;mono;1;0;1;1;0
cell0008.png;1;mono;0;0;1;0;1
cell0009.png;0;mono;0;0;0;1;0
cell0010.png;1;mono;1;0;0;1;0
cell0011.png;0;mono;0;0;0;1;0
cell0012.png;1;mono;1;0;0;1;0
cell0013.png;1;mono;1;0;0;1;0
cell0014.png;1;mono;0;0;1;1;0
cell0015.png;1;mono;1;0;0;1;0
cell0016.png;1;mono;1;0;0;1;1
cell0017.png;1;mono;1;0;0;1;0
cell0018.png;1;mono;1;0;0;0;0
cell0019.png;1;mono;1;0;1;0;0
cell0020.png;1;mono;1;0;1;1;0
cell0021.png;1;mono;1;0;0;1;0
cell0022.png;1;mono;1;0;0;1;1
cell0023.png;1;mono;0;0;1;1;0
cell0024.png;1;mono;0;0;1;0;1
cell0025.png;1;mono;1;0;0;1;0
cell0026.png;1;mono;1;0;0;1;0
cell0027.png;1;mono;1;0;1;0;0
cell0028.png;1;mono;1;0;1;0;0
cell0029.png;1;mono;1;0;0;0;0
cell0030.png;1;mono;1;1;0;1;0
cell0031.png;1;mono;0;0;1;1;0
cell0032.png;1;mono;1;0;0;1;0
cell0033.png;1;mono;0;0;0;1;0
cell0034.png;1;mono;1;0;1;1;0
cell0035.png;1;mono;1;0;1;1;0
cell0036.png;1;mono;1;0;1;1;0
cell0037.png;1;mono;1;0;1;1;0
cell0038.png;1;mono;1;1;0;1;0
cell0039.png;1;mono;1;1;1;1;0
cell0040.png;1;mono;1;1;0;1;0
cell0041.png;1;mono;0;0;1;0;0
cell0042.png;1;mono;0;0;1;0;0
cell0043.png;1;mono;0;0;1;0;0
cell0044.png;1;mono;1;1;0;1;1
cell0045.png;1;mono;1;0;1;1;0
cell0046.png;1;mono;1;1;1;0;0
cell0047.png;1;mono;1;0;1;0;0
cell0048.png;1;mono;0;0;1;0;0
cell0049.png;1;mono;1;0;1;1;0
cell0050.png;1;mono;1;0;0;0;0
cell0051.png;1;mono;1;0;1;0;0
cell0052.png;1;mono;1;0;1;0;0
cell0053.png;1;mono;0;0;1;0;0
cell0054.png;1;mono;1;0;1;0;0
cell0055.png;1;mono;1;0;1;0;0
cell0056.png;1;mono;1;0;0;0;0
cell0057.png;1;mono;1;0;1;0;0
cell0058.png;0.333333333;mono;0;0;0;0;0
cell0059.png;1;mono;1;0;1;0;0
cell0060.png;0;mono;0;0;0;0;0
cell0061.png;0;poly;0;0;0;0;0
cell0062.png;0;poly;0;0;0;0;1
cell0063.png;0;poly;0;0;0;0;0
cell0064.png;0;poly;0;0;0;0;0
cell0065.png;0;poly;0;0;0;0;0
cell0066.png;0;poly;0;0;0;0;0
cell0067.png;0;poly;0;0;0;0;0
cell0068.png;1;poly;1;0;1;0;0
cell0069.png;0;poly;0;0;0;0;0
cell0070.png;0.666666667;poly;0;0;1;0;0
cell0071.png;0;poly;0;0;0;0;0
cell0072.png;0;poly;0;0;0;0;0
cell0073.png;0.666666667;poly;1;0;1;0;1
cell0074.png;0;poly;0;0;0;0;0
cell0075.png;0;poly;0;0;0;0;0
cell0076.png;1;poly;1;0;0;0;0
cell0077.png;1;poly;1;0;0;0;0
cell0078.png;1;poly;1;0;0;0;0
cell0079.png;0;poly;0;0;0;0;1
cell0080.png;0;poly;0;0;0;0;0
cell0081.png;0;poly;0;0;0;0;0
cell0082.png;0;poly;0;0;0;0;0
cell0083.png;1;poly;1;0;0;0;0
cell0084.png;0;poly;0;0;0;0;0
cell0085.png;0;poly;0;0;0;0;0
cell0086.png;0;poly;0;0;0;0;1
cell0087.png;0.333333333;poly;0;0;0;0;0
cell0088.png;0;poly;0;0;0;0;0
cell0089.png;1;poly;1;0;0;0;0
cell0090.png;0;poly;0;0;0;0;0
cell0091.png;1;poly;1;0;0;0;0
cell0092.png;0;poly;0;0;0;0;0
cell0093.png;0.333333333;poly;0;0;0;0;0
cell0094.png;0;poly;0;0;0;0;0
cell0095.png;0;poly;0;0;0;0;0
cell0096.png;0;poly;0;0;0;0;0
cell0097.png;0;poly;0;0;0;0;0
cell0098.png;0.333333333;poly;0;0;0;0;0
cell0099.png;0;poly;0;0;0;0;0
cell0100.png;0;poly;0;0;0;0;1
cell0101.png;0;poly;0;0;0;0;0
cell0102.png;0;poly;0;0;0;0;0
cell0103.png;0;poly;0;0;0;0;0
cell0104.png;0;poly;0;0;0;0;0
cell0105.png;0;poly;0;0;0;0;0
cell0106.png;0;poly;0;0;0;0;0
cell0107.png;0;poly;0;0;0;0;0
cell0108.png;0;poly;0;0;0;0;0
cell0109.png;0;poly;0;0;0;0;0
cell0110.png;0;poly;0;0;0;0;1
cell0111.png;0;poly;0;0;0;0;0
cell0112.png;1;poly;0;0;1;0;0
cell0113.png;0;poly;0;0;0;0;0
cell0114.png;0;poly;0;0;0;0;0
cell0115.png;1;poly;1;0;0;0;0
cell0116.png;0;poly;0;0;0;0;0
cell0117.png;0;poly;0;0;0;0;0
cell0118.png;0;poly;0;0;0;0;1
cell0119.png;0;poly;0;0;0;0;0
cell0120.png;0;poly;0;0;0;0;0
cell0121.png;0;poly;0;0;0;0;1
cell0122.png;0;poly;0;0;0;0;1
cell0123.png;0;poly;0;0;0;0;0
cell0124.png;1;poly;0;0;1;0;0
cell0125.png;1;poly;0;0;1;0;0
cell0126.png;0;poly;0;0;0;0;0
cell0127.png;0.333333333;poly;0;0;0;0;0
cell0128.png;0;poly;0;0;0;0;0
cell0129.png;0;poly;0;0;0;0;0
cell0130.png;0;poly;0;0;0;0;0
cell0131.png;0;poly;0;0;0;0;0
cell0132.png;0;poly;0;0;0;0;0
cell0133.png;0;poly;0;0;0;0;1
cell0134.png;0.333333333;poly;0;0;0;0;0
cell0135.png;0;poly;0;0;0;0;0
cell0136.png;0;poly;0;0;0;0;0
cell0137.png;0;poly;0;0;0;0;0
cell0138.png;0;poly;0;0;0;0;0
cell0139.png;0;poly;0;0;0;0;0
cell0140.png;0;poly;0;0;0;0;0
cell0141.png;1;poly;1;0;0;0;0
cell0142.png;0;poly;0;0;0;0;0
cell0143.png;0.333333333;poly;0;0;0;0;0
cell0144.png;0;poly;0;0;0;0;0
cell0145.png;0;poly;0;0;0;0;1
cell0146.png;1;poly;1;0;0;0;0
cell0147.png;1;poly;1;0;0;0;0
cell0148.png;0.333333333;poly;0;0;0;0;1
cell0149.png;0.333333333;poly;0;0;0;0;0
cell0150.png;0.333333333;poly;0;0;0;0;0
cell0151.png;0;poly;0;0;0;0;0
cell0152.png;0;poly;0;0;0;0;0
cell0153.png;0;poly;0;0;0;0;0
cell0154.png;0;poly;0;0;0;0;0
cell0155.png;1;poly;1;0;0;0;0
cell0156.png;0;poly;0;0;0;0;0
cell0157.png;0;poly;0;0;0;0;1
cell0158.png;0.333333333;poly;0;0;0;0;0
cell0159.png;0;poly;0;0;0;0;0
cell0160.png;1;poly;0;0;1;0;0
cell0161.png;0.333333333;poly;0;0;0;0;0
cell0162.png;0.333333333;poly;0;0;0;0;0
cell0163.png;0;poly;0;0;0;0;0
cell0164.png;1;poly;1;0;0;0;0
cell0165.png;1;poly;1;0;0;0;0
cell0166.png;0;poly;0;0;0;0;0
cell0167.png;1;poly;0;0;1;0;0
cell0168.png;0;poly;0;0;0;0;0
cell0169.png;0.333333333;poly;0;0;0;0;0
cell0170.png;0;poly;0;0;0;0;0
cell0171.png;1;poly;1;0;0;0;0
cell0172.png;0;poly;0;0;0;0;0
cell0173.png;0;poly;0;0;0;0;0
cell0174.png;0;poly;0;0;0;0;0
cell0175.png;0;poly;0;0;0;0;0
cell0176.png;0.333333333;poly;0;0;1;0;0
cell0177.png;1;poly;0;0;1;0;0
cell0178.png;0.333333333;poly;0;0;0;0;0
cell0179.png;0;poly;0;0;0;0;0
cell0180.png;0.333333333;poly;0;0;0;0;0
cell0181.png;1;poly;0;0;1;0;0
cell0182.png;1;poly;0;0;1;0;0
cell0183.png;0.333333333;poly;0;0;0;0;0
cell0184.png;0.333333333;poly;0;0;0;0;0
cell0185.png;0.333333333;poly;0;0;0;0;0
cell0186.png;0.333333333;poly;0;0;0;0;1
cell0187.png;1;poly;1;0;0;0;0
cell0188.png;1;poly;0;0;1;0;0
cell0189.png;0.666666667;poly;0;0;1;0;0
cell0190.png;1;poly;1;0;1;0;1
cell0191.png;0.666666667;poly;0;0;1;0;0
cell0192.png;1;poly;1;0;0;0;0
cell0193.png;1;poly;0;0;1;0;0
cell0194.png;1;poly;0;0;1;0;0
cell0195.png;0;poly;0;0;0;0;0
cell0196.png;1;poly;1;0;1;0;0
cell0197.png;1;poly;0;0;1;0;1
cell0198.png;1;poly;0;0;1;0;0
cell0199.png;1;poly;1;0;1;0;0
cell0200.png;1;poly;1;0;1;0;0
cell0201.png;1;poly;0;1;0;0;0
cell0202.png;0.666666667;poly;0;0;1;0;0
cell0203.png;1;poly;0;1;1;0;0
cell0204.png;0.666666667;poly;0;0;1;0;0
cell0205.png;0.666666667;poly;0;0;1;0;0
cell0206.png;1;poly;1;0;0;0;0
cell0207.png;0.333333333;poly;0;0;0;0;0
cell0208.png;1;poly;1;0;1;0;0
cell0209.png;0.333333333;poly;0;0;0;0;0
cell0210.png;0.333333333;poly;0;0;0;0;0
cell0211.png;1;poly;1;0;0;1;1
cell0212.png;1;poly;1;0;0;0;0
cell0213.png;1;poly;1;0;0;0;0
cell0214.png;0.333333333;poly;0;0;0;0;0
cell0215.png;0.333333333;poly;0;0;0;1;0
cell0216.png;0.333333333;poly;0;0;0;0;0
cell0217.png;0.666666667;poly;0;0;1;0;0
cell0218.png;0.666666667;poly;0;0;1;0;0
cell0219.png;0.666666667;poly;0;0;1;0;0
cell0220.png;1;poly;1;0;0;1;0
cell0221.png;1;poly;1;1;0;0;0
cell0222.png;0.666666667;poly;0;0;1;0;1
cell0223.png;1;poly;1;0;1;0;0
cell0224.png;0.666666667;poly;0;0;1;1;0
cell0225.png;0.666666667;poly;0;0;0;0;0
cell0226.png;0;poly;0;0;0;0;0
cell0227.png;0.333333333;poly;0;0;1;1;1
cell0228.png;1;poly;1;0;0;0;0
cell0229.png;1;poly;1;0;0;0;0
cell0230.png;0;poly;0;0;0;0;0
cell0231.png;1;poly;1;0;0;0;0
cell0232.png;1;poly;0;0;1;0;0
cell0233.png;1;poly;0;0;0;0;0
cell0234.png;0.666666667;poly;0;0;0;0;0
cell0235.png;0.333333333;poly;1;0;0;0;0
cell0236.png;0;poly;0;0;0;1;0
cell0237.png;0;poly;0;0;0;1;0
cell0238.png;0.333333333;poly;0;0;0;1;0
cell0239.png;0;poly;0;0;0;0;0
cell0240.png;0.333333333;poly;0;0;1;0;0
cell0241.png;1;poly;1;0;0;0;0
cell0242.png;1;poly;1;0;0;1;0
cell0243.png;1;poly;1;0;0;0;0
cell0244.png;1;poly;1;1;0;0;0
cell0245.png;1;poly;1;1;0;0;0
cell0246.png;1;poly;1;0;0;1;0
cell0247.png;1;poly;1;0;0;1;0
cell0248.png;1;poly;1;0;0;1;0
cell0249.png;1;poly;1;1;0;0;0
cell0250.png;1;poly;1;1;0;1;0
cell0251.png;1;poly;1;0;0;0;0
cell0252.png;1;poly;1;0;0;1;1
cell0253.png;1;poly;1;1;0;1;0
cell0254.png;0.666666667;poly;0;0;0;0;0
cell0255.png;1;poly;1;0;0;1;0
cell0256.png;1;poly;1;1;0;1;0
cell0257.png;1;poly;1;0;0;1;0
cell0258.png;1;poly;0;0;0;0;0
cell0259.png;0;poly;0;0;0;0;0
cell0260.png;0;poly;0;0;0;0;0
cell0261.png;1;poly;1;0;0;0;1
cell0262.png;0;poly;0;0;0;0;0
cell0263.png;1;poly;1;0;0;0;0
cell0264.png;1;poly;1;0;0;0;1
cell0265.png;1;poly;1;0;0;1;0
cell0266.png;1;poly;1;1;0;1;0
cell0267.png;0.333333333;poly;0;0;0;0;1
cell0268.png;1;poly;1;0;0;0;1
cell0269.png;0;poly;0;0;0;0;0
cell0270.png;0.333333333;poly;1;0;1;0;0
cell0271.png;1;poly;1;0;0;1;0
cell0272.png;0;poly;0;0;0;0;0
cell0273.png;0;poly;0;0;0;0;0
cell0274.png;1;poly;1;0;0;1;0
cell0275.png;1;poly;1;0;0;0;0
cell0276.png;0;poly;0;0;0;0;0
cell0277.png;1;poly;1;0;0;1;0
cell0278.png;1;poly;1;1;0;1;0
cell0279.png;1;poly;1;0;0;0;0
cell0280.png;1;poly;1;0;0;0;0
cell0281.png;1;poly;1;0;0;0;0
cell0282.png;0;poly;0;0;0;0;0
cell0283.png;1;poly;1;0;0;0;0
cell0284.png;1;poly;1;0;0;0;1
cell0285.png;1;poly;1;0;0;1;0
cell0286.png;1;poly;1;0;0;1;0
cell0287.png;1;poly;1;0;0;1;0
cell0288.png;1;poly;1;0;0;0;0
cell0289.png;1;poly;1;0;0;0;0
cell0290.png;1;poly;1;0;0;1;0
cell0291.png;0.666666667;poly;0;0;1;0;0
cell0292.png;1;poly;1;0;0;0;0
cell0293.png;1;poly;1;0;0;0;0
cell0294.png;1;poly;1;0;0;0;0
cell0295.png;1;poly;1;0;0;1;0
cell0296.png;1;poly;1;0;0;0;0
cell0297.png;1;poly;1;0;0;0;0
cell0298.png;1;poly;1;0;0;0;0
cell0299.png;1;poly;1;0;0;0;0
cell0300.png;0;poly;0;0;0;0;0
cell0301.png;1;poly;1;0;0;1;0
cell0302.png;0;poly;0;0;0;0;0
cell0303.png;1;poly;0;0;1;0;0
cell0304.png;1;poly;0;0;0;0;0
cell0305.png;1;poly;1;0;0;0;0
cell0306.png;0;poly;0;0;0;0;1
cell0307.png;0.666666667;poly;1;0;0;0;0
cell0308.png;0;poly;0;0;0;0;0
cell0309.png;0;poly;0;0;0;0;0
cell0310.png;0;poly;0;0;0;0;1
cell0311.png;0;poly;0;0;0;0;0
cell0312.png;1;poly;1;1;0;0;0
cell0313.png;0;poly;0;0;0;0;0
cell0314.png;0;poly;0;0;0;0;0
cell0315.png;0;poly;0;0;0;0;0
cell0316.png;1;poly;1;0;0;0;0
cell0317.png;1;poly;1;0;0;1;0
cell0318.png;0;poly;0;0;0;0;0
cell0319.png;1;poly;1;0;0;1;0
cell0320.png;1;poly;1;1;0;1;0
cell0321.png;1;poly;1;0;0;0;0
cell0322.png;1;poly;1;0;0;0;0
cell0323.png;1;poly;1;0;0;0;0
cell0324.png;1;poly;1;0;0;0;0
cell0325.png;0.333333333;poly;0;0;0;0;0
cell0326.png;0.333333333;poly;0;0;0;0;0
cell0327.png;0;poly;0;0;0;0;1
cell0328.png;0;poly;0;0;0;0;0
cell0329.png;0;poly;0;0;0;0;0
cell0330.png;0;poly;0;0;0;0;0
cell0331.png;0;poly;0;0;0;1;0
cell0332.png;0;poly;0;0;0;0;0
cell0333.png;0;poly;0;0;0;0;0
cell0334.png;0;poly;0;0;0;0;0
cell0335.png;1;poly;1;0;0;0;0
cell0336.png;0;poly;0;0;0;0;0
cell0337.png;0;poly;0;0;0;0;0
cell0338.png;0;poly;0;0;0;0;0
cell0339.png;0;poly;0;0;0;0;0
cell0340.png;0;poly;0;0;0;0;0
cell0341.png;0;poly;0;0;0;0;0
cell0342.png;1;poly;1;0;0;0;0
cell0343.png;0;poly;1;0;0;0;0
cell0344.png;0;poly;0;0;0;0;0
cell0345.png;0;poly;0;0;0;0;0
cell0346.png;1;poly;1;0;0;0;0
cell0347.png;1;poly;1;0;0;0;0
cell0348.png;0;poly;0;0;0;0;0
cell0349.png;0;poly;0;0;0;0;0
cell0350.png;0;poly;0;0;0;0;0
cell0351.png;0.666666667;poly;0;0;1;0;0
cell0352.png;0;poly;0;0;0;0;0
cell0353.png;0;poly;0;0;0;0;0
cell0354.png;0;poly;0;0;0;0;0
cell0355.png;0;poly;0;0;0;0;0
cell0356.png;0;poly;0;0;0;0;0
cell0357.png;0;poly;0;0;0;0;0
cell0358.png;0;poly;0;0;0;0;0
cell0359.png;0;poly;0;0;0;0;0
cell0360.png;0;poly;0;0;0;0;0
cell0361.png;1;mono;1;0;0;0;0
cell0362.png;1;mono;1;0;0;1;1
cell0363.png;1;mono;1;0;0;1;0
cell0364.png;1;mono;1;1;0;1;0
cell0365.png;1;mono;1;1;0;1;0
cell0366.png;1;mono;1;1;0;1;0
cell0367.png;1;mono;1;0;0;1;1
cell0368.png;1;mono;1;0;0;1;0
cell0369.png;0;mono;0;0;0;1;0
cell0370.png;1;mono;1;0;0;1;0
cell0371.png;1;mono;1;0;0;1;1
cell0372.png;1;mono;1;1;0;1;0
cell0373.png;1;mono;1;0;0;1;0
cell0374.png;1;mono;1;0;0;1;0
cell0375.png;1;mono;1;0;0;1;0
cell0376.png;1;mono;1;1;0;0;0
cell0377.png;1;mono;1;1;0;1;0
cell0378.png;1;mono;1;0;0;1;0
cell0379.png;1;mono;1;1;0;1;0
cell0380.png;1;mono;1;1;0;1;0
cell0381.png;1;mono;1;0;0;1;0
cell0382.png;1;mono;1;0;0;1;0
cell0383.png;1;mono;1;1;0;1;0
cell0384.png;1;mono;1;0;0;1;0
cell0385.png;1;mono;1;1;0;1;0
cell0386.png;1;mono;1;1;0;1;0
cell0387.png;1;mono;1;0;0;1;0
cell0388.png;1;mono;1;0;0;1;0
cell0389.png;1;mono;1;0;0;1;0
cell0390.png;1;mono;1;1;0;1;0
cell0391.png;1;mono;1;0;0;1;0
cell0392.png;1;mono;1;0;0;1;0
cell0393.png;1;mono;1;0;0;1;0
cell0394.png;1;mono;1;0;0;1;0
cell0395.png;1;mono;1;1;0;0;0
cell0396.png;1;mono;1;1;0;1;0
cell0397.png;0;mono;0;0;0;1;0
cell0398.png;1;mono;1;0;0;1;0
cell0399.png;1;mono;1;1;0;1;0
cell0400.png;1;mono;1;1;0;1;0
cell0401.png;1;mono;1;1;0;1;0
cell0402.png;1;mono;1;1;0;1;0
cell0403.png;1;mono;1;0;0;1;0
cell0404.png;1;mono;1;0;0;1;0
cell0405.png;1;mono;1;0;0;1;0
cell0406.png;1;mono;1;1;0;1;1
cell0407.png;1;mono;1;0;0;1;0
cell0408.png;1;mono;1;1;0;1;0
cell0409.png;1;mono;1;1;0;1;0
cell0410.png;0;mono;1;1;0;1;0
cell0411.png;1;mono;1;0;0;1;0
cell0412.png;1;mono;1;0;0;0;0
cell0413.png;0;mono;0;0;0;0;0
cell0414.png;1;mono;1;0;0;1;0
cell0415.png;1;mono;1;0;0;1;0
cell0416.png;1;mono;1;0;0;1;1
cell0417.png;1;mono;1;1;0;1;0
cell0418.png;1;mono;1;0;0;1;0
cell0419.png;1;mono;1;0;0;1;1
cell0420.png;1;mono;1;0;0;0;0
cell0421.png;1;mono;1;1;0;1;0
cell0422.png;1;mono;1;0;0;1;1
cell0423.png;0;mono;0;0;0;0;0
cell0424.png;1;mono;1;0;0;0;0
cell0425.png;0;mono;0;0;0;0;0
cell0426.png;1;mono;1;0;1;0;1
cell0427.png;1;mono;1;0;0;1;0
cell0428.png;1;mono;1;0;0;0;0
cell0429.png;1;mono;1;1;0;1;0
cell0430.png;1;mono;1;1;0;1;0
cell0431.png;1;mono;1;1;0;1;0
cell0432.png;1;mono;1;1;0;1;0
cell0433.png;1;mono;1;0;0;1;0
cell0434.png;1;mono;1;1;0;1;0
cell0435.png;1;mono;1;0;0;0;0
cell0436.png;1;mono;1;0;0;1;0
cell0437.png;1;mono;0;1;0;1;0
cell0438.png;1;mono;1;1;0;1;0
cell0439.png;1;mono;1;1;0;0;0
cell0440.png;1;mono;1;0;0;0;0
cell0441.png;1;mono;1;1;0;1;0
cell0442.png;1;mono;1;1;0;1;0
cell0443.png;1;mono;1;1;0;1;0
cell0444.png;1;mono;1;1;0;1;0
cell0445.png;0;mono;0;0;0;0;1
cell0446.png;1;mono;1;0;0;0;0
cell0447.png;0;mono;0;0;0;0;0
cell0448.png;1;mono;1;1;0;1;0
cell0449.png;0;mono;0;0;0;0;0
cell0450.png;1;mono;1;1;0;1;0
cell0451.png;1;mono;1;1;0;1;0
cell0452.png;1;mono;1;1;0;1;1
cell0453.png;1;mono;1;0;0;1;0
cell0454.png;1;mono;1;1;0;1;0
cell0455.png;1;mono;1;1;0;1;1
cell0456.png;0.666666667;mono;0;0;0;1;1
cell0457.png;1;mono;1;0;0;1;0
cell0458.png;1;mono;0;0;1;0;0
cell0459.png;1;mono;1;0;1;1;0
cell0460.png;1;mono;1;0;0;1;1
cell0461.png;1;mono;1;1;0;1;0
cell0462.png;1;mono;1;0;0;1;0
cell0463.png;1;mono;1;0;0;1;0
cell0464.png;1;mono;1;1;0;1;0
cell0465.png;0;mono;0;0;0;0;0
cell0466.png;1;mono;1;1;0;1;0
cell0467.png;1;mono;1;0;0;1;0
cell0468.png;0.666666667;mono;0;0;0;1;0
cell0469.png;1;mono;1;1;0;1;0
cell0470.png;1;mono;1;0;0;1;1
cell0471.png;1;mono;1;0;0;0;0
cell0472.png;1;mono;1;1;0;0;0
cell0473.png;1;mono;1;1;0;1;0
cell0474.png;1;mono;1;0;0;1;0
cell0475.png;1;mono;1;0;1;0;0
cell0476.png;1;mono;0;0;0;1;0
cell0477.png;1;mono;1;0;1;1;0
cell0478.png;1;mono;0;0;1;0;0
cell0479.png;1;mono;1;0;1;0;0
cell0480.png;0;mono;0;0;0;0;0
cell0481.png;1;mono;1;1;0;0;0
cell0482.png;1;mono;1;0;0;0;0
cell0483.png;0;mono;0;0;0;0;1
cell0484.png;1;mono;1;1;0;0;0
cell0485.png;1;mono;1;0;0;0;0
cell0486.png;1;mono;1;0;0;1;1
cell0487.png;1;mono;1;0;0;1;0
cell0488.png;1;mono;1;1;0;1;0
cell0489.png;1;mono;1;0;0;1;0
cell0490.png;1;mono;1;1;0;1;0
cell0491.png;1;mono;1;0;0;1;0
cell0492.png;1;mono;1;1;0;1;1
cell0493.png;1;mono;1;0;0;1;0
cell0494.png;1;mono;1;1;0;1;0
cell0495.png;1;mono;1;0;0;1;0
cell0496.png;1;mono;1;1;0;1;0
cell0497.png;1;mono;1;0;0;0;0
cell0498.png;1;mono;1;0;0;1;0
cell0499.png;1;mono;1;1;0;1;1
cell0500.png;0;mono;0;0;0;1;0
cell0501.png;1;mono;1;1;0;1;0
cell0502.png;1;mono;1;0;0;1;0
cell0503.png;0;mono;0;0;0;1;0
cell0504.png;0;mono;0;0;0;1;0
cell0505.png;1;mono;1;1;0;1;0
cell0506.png;1;mono;1;0;0;1;0
cell0507.png;1;mono;1;0;0;1;0
cell0508.png;0;mono;0;0;0;0;0
cell0509.png;0;mono;0;0;0;1;0
cell0510.png;1;mono;1;0;0;1;0
cell0511.png;1;mono;1;1;0;1;0
cell0512.png;1;mono;1;0;0;1;0
cell0513.png;1;mono;1;1;0;1;0
cell0514.png;1;mono;1;1;0;1;0
cell0515.png;1;mono;1;0;1;1;0
cell0516.png;0.666666667;mono;0;0;0;1;0
cell0517.png;1;mono;1;1;0;1;0
cell0518.png;0;mono;0;0;0;1;0
cell0519.png;0;mono;0;0;0;0;0
cell0520.png;1;mono;1;1;0;1;0
cell0521.png;1;mono;1;0;0;1;0
cell0522.png;1;mono;0;0;1;1;0
cell0523.png;1;mono;1;1;0;1;0
cell0524.png;1;mono;1;1;0;0;0
cell0525.png;1;mono;1;1;0;1;0
cell0526.png;0;mono;0;0;0;0;0
cell0527.png;1;mono;1;1;0;0;0
cell0528.png;1;mono;1;1;0;1;0
cell0529.png;1;mono;1;1;0;1;1
cell0530.png;1;mono;0;1;0;1;0
cell0531.png;1;mono;1;0;0;1;0
cell0532.png;0;mono;0;0;0;0;0
cell0533.png;1;mono;1;0;1;1;0
cell0534.png;1;mono;1;0;0;1;0
cell0535.png;1;mono;1;0;0;1;0
cell0536.png;1;mono;1;1;0;1;0
cell0537.png;1;mono;1;0;0;1;0
cell0538.png;0;mono;0;0;0;1;0
cell0539.png;1;mono;1;0;0;0;0
cell0540.png;0.333333333;mono;0;0;0;1;0
cell0541.png;0;poly;0;0;0;1;0
cell0542.png;0;poly;0;0;0;1;0
cell0543.png;0;poly;0;0;0;1;0
cell0544.png;0;poly;0;0;0;1;0
cell0545.png;0;poly;0;0;0;1;0
cell0546.png;0.333333333;poly;0;0;0;1;0
cell0547.png;0;poly;0;0;0;1;0
cell0548.png;0;poly;0;0;0;1;0
cell0549.png;0;poly;0;0;0;0;0
cell0550.png;0;poly;0;0;0;1;0
cell0551.png;0;poly;0;0;0;1;0
cell0552.png;0;poly;0;0;0;1;0
cell0553.png;0;poly;0;0;0;1;0
cell0554.png;0;poly;0;0;0;1;0
cell0555.png;1;poly;0;0;0;1;0
cell0556.png;0;poly;0;0;0;1;0
cell0557.png;1;poly;0;0;0;1;0
cell0558.png;0;poly;0;0;0;1;0
cell0559.png;0;poly;0;0;0;1;0
cell0560.png;0;poly;0;0;0;1;0
cell0561.png;0;poly;0;0;0;1;0
cell0562.png;0.333333333;poly;0;0;0;1;0
cell0563.png;0;poly;0;0;0;1;0
cell0564.png;1;poly;1;0;0;1;0
cell0565.png;0;poly;0;0;0;0;0
cell0566.png;0;poly;0;0;0;0;0
cell0567.png;0;poly;0;0;0;1;0
cell0568.png;0;poly;0;0;0;0;0
cell0569.png;0;poly;0;0;0;1;0
cell0570.png;0;poly;0;0;0;1;0
cell0571.png;0;poly;0;0;0;1;0
cell0572.png;0;poly;0;0;0;1;0
cell0573.png;0;poly;0;0;0;1;0
cell0574.png;0;poly;0;0;0;1;0
cell0575.png;0;poly;0;0;0;1;0
cell0576.png;0.666666667;poly;0;0;0;1;0
cell0577.png;1;poly;1;0;0;1;0
cell0578.png;1;poly;1;0;0;1;0
cell0579.png;1;poly;1;0;0;1;0
cell0580.png;0;poly;0;0;0;1;0
cell0581.png;0;poly;0;0;0;0;0
cell0582.png;0;poly;0;0;0;1;0
cell0583.png;0;poly;0;0;0;1;0
cell0584.png;0;poly;0;0;0;1;0
cell0585.png;0;poly;0;0;0;1;1
cell0586.png;0;poly;0;0;0;1;0
cell0587.png;0.666666667;poly;0;0;0;0;0
cell0588.png;0;poly;0;0;0;0;0
cell0589.png;0;poly;0;0;0;0;0
cell0590.png;0;poly;0;0;0;0;0
cell0591.png;0;poly;0;0;0;0;0
cell0592.png;1;poly;0;0;0;0;0
cell0593.png;1;poly;0;0;0;0;0
cell0594.png;0;poly;0;0;0;0;0
cell0595.png;1;poly;1;0;0;0;0
cell0596.png;0;poly;0;0;0;1;0
cell0597.png;0.333333333;poly;0;0;0;1;0
cell0598.png;0;poly;0;0;0;0;1
cell0599.png;0;poly;0;0;0;0;0
cell0600.png;0;poly;0;0;0;0;0
cell0601.png;1;poly;1;0;0;1;0
cell0602.png;1;poly;1;1;0;1;0
cell0603.png;1;poly;1;1;0;1;0
cell0604.png;1;poly;1;0;0;0;0
cell0605.png;1;poly;1;0;0;1;0
cell0606.png;1;poly;1;0;0;0;0
cell0607.png;1;poly;1;0;0;1;0
cell0608.png;1;poly;1;0;0;1;1
cell0609.png;1;poly;1;0;0;1;0
cell0610.png;0;poly;0;0;0;0;0
cell0611.png;1;poly;1;0;0;0;0
cell0612.png;1;poly;1;0;0;0;0
cell0613.png;1;poly;1;0;0;1;0
cell0614.png;1;poly;1;0;0;1;0
cell0615.png;1;poly;1;0;0;1;0
cell0616.png;1;poly;1;0;0;1;0
cell0617.png;1;poly;1;0;0;1;0
cell0618.png;1;poly;1;0;0;1;0
cell0619.png;0;poly;0;0;0;0;0
cell0620.png;1;poly;1;0;0;0;1
cell0621.png;0;poly;0;0;0;0;1
cell0622.png;0;poly;0;0;0;0;0
cell0623.png;0;poly;0;0;0;0;0
cell0624.png;0;poly;0;0;0;0;0
cell0625.png;0.333333333;poly;0;0;0;0;0
cell0626.png;1;poly;1;0;0;1;0
cell0627.png;0.333333333;poly;0;0;0;1;0
cell0628.png;0.333333333;poly;0;0;0;0;0
cell0629.png;0.666666667;poly;0;0;0;0;0
cell0630.png;0.333333333;poly;0;0;0;0;0
cell0631.png;1;poly;0;0;1;0;0
cell0632.png;1;poly;0;0;0;1;0
cell0633.png;0;poly;0;0;0;0;0
cell0634.png;1;poly;1;0;0;1;0
cell0635.png;0;poly;0;0;0;0;0
cell0636.png;1;poly;1;0;0;1;0
cell0637.png;0;poly;0;0;0;1;0
cell0638.png;0;poly;0;0;0;1;0
cell0639.png;1;poly;1;0;0;1;0
cell0640.png;1;poly;1;0;0;1;0
cell0641.png;1;poly;0;0;1;0;0
cell0642.png;1;poly;1;0;0;0;0
cell0643.png;1;poly;0;0;1;0;1
cell0644.png;1;poly;1;0;0;1;0
cell0645.png;1;poly;1;0;0;1;0
cell0646.png;1;poly;1;0;0;1;0
cell0647.png;0;poly;0;0;0;0;0
cell0648.png;0;poly;0;0;0;1;0
cell0649.png;0;poly;0;0;0;0;0
cell0650.png;0;poly;0;0;0;0;0
cell0651.png;0;poly;0;0;0;1;0
cell0652.png;1;poly;1;0;1;0;0
cell0653.png;0;poly;0;0;0;1;0
cell0654.png;1;poly;1;0;0;1;1
cell0655.png;0;poly;0;0;0;0;0
cell0656.png;0;poly;0;0;0;1;1
cell0657.png;0;poly;0;0;0;0;0
cell0658.png;0;poly;0;0;0;0;0
cell0659.png;0;poly;0;0;0;0;0
cell0660.png;1;poly;1;1;0;1;0
cell0661.png;1;poly;1;1;0;1;0
cell0662.png;1;poly;1;0;0;1;0
cell0663.png;1;poly;1;0;0;1;0
cell0664.png;0;poly;0;0;0;0;0
cell0665.png;0;poly;0;0;0;0;0
cell0666.png;1;poly;1;0;0;0;0
cell0667.png;1;poly;1;1;0;0;0
cell0668.png;1;poly;1;1;0;0;0
cell0669.png;0.333333333;poly;0;0;0;0;0
cell0670.png;0.333333333;poly;0;0;0;0;0
cell0671.png;1;poly;1;0;0;0;1
cell0672.png;1;poly;1;0;0;0;0
cell0673.png;1;poly;1;0;0;0;0
cell0674.png;1;poly;1;0;0;1;0
cell0675.png;1;poly;1;0;0;0;0
cell0676.png;0;poly;0;0;0;0;0
cell0677.png;0.333333333;poly;0;0;0;0;0
cell0678.png;0.666666667;poly;1;0;0;0;0
cell0679.png;0;poly;0;0;0;0;0
cell0680.png;1;poly;1;0;0;0;1
cell0681.png;0;poly;0;0;0;0;0
cell0682.png;1;poly;1;0;0;0;0
cell0683.png;0.666666667;poly;0;0;1;0;0
cell0684.png;0.666666667;poly;0;0;1;0;0
cell0685.png;0.333333333;poly;0;0;0;0;0
cell0686.png;1;poly;1;1;0;0;0
cell0687.png;1;poly;0;0;0;0;0
cell0688.png;0;poly;0;0;0;0;0
cell0689.png;0.333333333;poly;0;0;0;0;0
cell0690.png;0;poly;0;0;0;0;0
cell0691.png;1;poly;1;0;0;0;0
cell0692.png;0;poly;0;0;0;0;0
cell0693.png;1;poly;1;0;0;0;0
cell0694.png;1;poly;1;0;0;0;0
cell0695.png;1;poly;1;0;0;0;0
cell0696.png;1;poly;1;0;1;0;0
cell0697.png;0;poly;0;0;0;0;1
cell0698.png;0;poly;0;0;0;0;0
cell0699.png;1;poly;1;0;0;0;0
cell0700.png;1;poly;1;0;0;0;0
cell0701.png;0.666666667;poly;1;0;0;0;0
cell0702.png;1;poly;0;1;0;0;0
cell0703.png;1;poly;0;0;0;0;0
cell0704.png;0;poly;0;0;0;0;1
cell0705.png;0;poly;0;0;0;0;0
cell0706.png;0.333333333;poly;0;0;0;0;0
cell0707.png;1;poly;0;0;1;0;0
cell0708.png;1;poly;0;1;0;0;0
cell0709.png;0;poly;0;0;0;0;0
cell0710.png;0.333333333;poly;0;0;0;0;0
cell0711.png;0.333333333;poly;0;0;0;0;0
cell0712.png;1;poly;0;0;1;0;0
cell0713.png;1;poly;1;0;0;0;1
cell0714.png;0.666666667;poly;1;0;0;0;0
cell0715.png;1;poly;1;0;0;0;0
cell0716.png;0;poly;0;0;0;0;0
cell0717.png;0;poly;0;0;0;0;0
cell0718.png;0;poly;0;0;0;0;0
cell0719.png;0;poly;0;0;0;0;1
cell0720.png;0;poly;0;0;0;0;0
cell0721.png;0;poly;0;0;0;0;0
cell0722.png;0;poly;0;0;0;0;0
cell0723.png;0;poly;0;0;0;0;0
cell0724.png;0;poly;0;0;0;0;0
cell0725.png;0;poly;0;0;0;0;0
cell0726.png;0;poly;0;0;0;0;0
cell0727.png;0;poly;0;0;0;0;0
cell0728.png;0;poly;0;0;0;0;1
cell0729.png;0;poly;0;0;0;0;0
cell0730.png;0;poly;0;0;0;0;0
cell0731.png;0.666666667;poly;0;0;0;0;0
cell0732.png;1;poly;1;0;0;0;0
cell0733.png;0;poly;0;0;0;0;0
cell0734.png;0;poly;0;0;0;0;0
cell0735.png;0;poly;0;0;0;0;0
cell0736.png;0;poly;0;0;0;0;0
cell0737.png;0;poly;0;0;0;0;0
cell0738.png;1;poly;1;0;0;0;0
cell0739.png;0;poly;0;0;0;0;0
cell0740.png;1;poly;1;0;0;0;0
cell0741.png;1;poly;1;0;0;0;0
cell0742.png;1;poly;1;0;0;0;0
cell0743.png;1;poly;1;0;0;0;0
cell0744.png;1;poly;1;0;0;0;1
cell0745.png;0;poly;0;0;0;0;0
cell0746.png;0;poly;0;0;0;0;0
cell0747.png;0;poly;0;0;0;0;0
cell0748.png;1;poly;1;0;0;0;0
cell0749.png;0;poly;0;0;0;0;0
cell0750.png;0;poly;0;0;0;0;0
cell0751.png;0;poly;0;0;0;0;0
cell0752.png;0;poly;0;0;0;0;0
cell0753.png;0;poly;0;0;0;0;1
cell0754.png;0;poly;0;0;0;0;0
cell0755.png;0;poly;0;0;0;0;1
cell0756.png;0;poly;0;0;0;0;0
cell0757.png;1;poly;1;0;0;0;0
cell0758.png;0.666666667;poly;1;0;0;0;0
cell0759.png;1;poly;1;0;0;0;0
cell0760.png;0.666666667;poly;1;0;0;0;1
cell0761.png;0;poly;0;0;0;0;0
cell0762.png;1;poly;1;0;0;0;0
cell0763.png;0;poly;0;0;0;0;0
cell0764.png;0;poly;0;0;0;0;1
cell0765.png;0;poly;0;0;0;0;0
cell0766.png;0;poly;0;0;0;0;0
cell0767.png;0;poly;0;0;1;0;0
cell0768.png;0;poly;0;0;0;0;0
cell0769.png;0;poly;0;0;0;0;1
cell0770.png;0;poly;0;0;0;0;0
cell0771.png;0;poly;0;0;0;0;1
cell0772.png;0;poly;0;0;0;0;0
cell0773.png;1;poly;1;0;0;0;0
cell0774.png;0;poly;0;0;0;0;1
cell0775.png;0;poly;0;0;0;0;0
cell0776.png;0;poly;0;0;0;0;0
cell0777.png;0.333333333;poly;0;0;0;0;0
cell0778.png;0;poly;0;0;0;0;0
cell0779.png;0;poly;0;0;0;0;0
cell0780.png;0;poly;0;0;0;0;0
cell0781.png;1;poly;1;1;0;0;0
cell0782.png;1;poly;0;0;0;0;0
cell0783.png;0.666666667;poly;1;0;1;0;0
cell0784.png;0;poly;0;0;0;0;0
cell0785.png;0;poly;0;0;0;0;0
cell0786.png;1;poly;0;1;0;0;0
cell0787.png;1;poly;1;0;1;0;0
cell0788.png;1;poly;1;0;0;0;0
cell0789.png;0;poly;0;0;0;0;0
cell0790.png;1;poly;1;0;0;0;0
cell0791.png;0.666666667;poly;0;0;1;0;0
cell0792.png;1;poly;1;0;1;0;0
cell0793.png;1;poly;1;0;1;0;0
cell0794.png;1;poly;1;0;1;0;0
cell0795.png;1;poly;0;0;1;0;0
cell0796.png;1;poly;0;0;1;0;0
cell0797.png;0.666666667;poly;0;0;1;0;0
cell0798.png;1;poly;0;1;0;0;0
cell0799.png;1;poly;0;0;1;0;0
cell0800.png;1;poly;1;0;1;0;1
cell0801.png;0;poly;0;0;0;0;0
cell0802.png;0.333333333;poly;0;0;1;0;1
cell0803.png;0;poly;0;0;0;0;0
cell0804.png;1;poly;0;0;1;0;0
cell0805.png;0;poly;0;0;0;0;0
cell0806.png;1;poly;1;0;0;0;0
cell0807.png;0.666666667;poly;0;0;1;0;0
cell0808.png;0;poly;0;0;0;0;0
cell0809.png;0;poly;0;0;0;0;1
cell0810.png;0;poly;0;0;0;0;0
cell0811.png;0;poly;0;0;0;0;0
cell0812.png;1;poly;0;0;1;0;0
cell0813.png;0;poly;0;0;0;0;0
cell0814.png;0;poly;0;0;0;0;0
cell0815.png;0;poly;0;0;0;0;0
cell0816.png;0.333333333;poly;0;0;1;0;0
cell0817.png;1;poly;1;0;1;0;0
cell0818.png;0.333333333;poly;0;0;1;0;0
cell0819.png;0;poly;0;0;0;0;0
cell0820.png;0;poly;0;0;0;0;0
cell0821.png;1;poly;1;0;0;0;0
cell0822.png;0;poly;0;0;0;0;0
cell0823.png;0;poly;0;0;0;0;0
cell0824.png;0;poly;0;0;0;0;0
cell0825.png;0;poly;0;0;0;0;0
cell0826.png;0;poly;0;0;0;0;0
cell0827.png;0;poly;0;0;0;0;0
cell0828.png;0;poly;0;0;0;0;0
cell0829.png;0;poly;0;0;0;0;0
cell0830.png;0;poly;0;0;0;0;0
cell0831.png;0;poly;1;0;1;0;0
cell0832.png;0;poly;0;0;0;0;1
cell0833.png;0;poly;0;0;0;0;0
cell0834.png;1;poly;1;0;0;0;0
cell0835.png;1;poly;1;1;0;0;0
cell0836.png;1;poly;0;0;1;0;0
cell0837.png;1;poly;1;0;1;0;0
cell0838.png;0.333333333;poly;0;0;1;0;0
cell0839.png;0;poly;0;0;0;0;0
cell0840.png;0;poly;0;0;0;0;1
cell0841.png;1;poly;1;0;0;0;0
cell0842.png;1;poly;1;0;1;0;0
cell0843.png;1;poly;1;0;0;0;0
cell0844.png;0;poly;0;0;0;1;0
cell0845.png;0;poly;0;0;0;0;0
cell0846.png;0;poly;0;0;0;1;0
cell0847.png;0;poly;0;0;0;0;0
cell0848.png;0;poly;0;0;0;1;0
cell0849.png;0;poly;0;0;0;0;1
cell0850.png;0;poly;0;0;0;0;0
cell0851.png;1;poly;1;0;1;0;0
cell0852.png;1;poly;1;0;0;0;1
cell0853.png;1;poly;1;0;0;0;1
cell0854.png;1;poly;1;0;0;0;0
cell0855.png;1;poly;1;0;0;0;0
cell0856.png;1;poly;0;0;0;1;0
cell0857.png;1;poly;1;0;0;0;0
cell0858.png;1;poly;1;0;0;1;0
cell0859.png;1;poly;1;0;0;0;0
cell0860.png;1;poly;1;0;0;0;0
cell0861.png;1;poly;1;0;0;0;0
cell0862.png;1;poly;1;0;0;1;0
cell0863.png;1;poly;1;0;0;1;0
cell0864.png;1;poly;1;0;0;0;0
cell0865.png;1;poly;1;0;0;1;1
cell0866.png;0.666666667;poly;0;0;0;0;0
cell0867.png;1;poly;1;0;0;0;0
cell0868.png;1;poly;1;0;0;0;0
cell0869.png;1;poly;1;0;0;1;0
cell0870.png;1;poly;1;0;0;0;0
cell0871.png;1;poly;1;0;0;0;0
cell0872.png;0.333333333;poly;0;0;0;0;0
cell0873.png;1;poly;1;0;0;1;0
cell0874.png;1;poly;1;0;0;0;0
cell0875.png;1;poly;1;0;0;1;0
cell0876.png;1;poly;1;0;0;0;0
cell0877.png;1;poly;1;0;0;1;0
cell0878.png;1;poly;1;0;0;0;0
cell0879.png;1;poly;1;1;0;0;0
cell0880.png;1;poly;1;0;0;0;0
cell0881.png;1;poly;1;0;0;0;0
cell0882.png;1;poly;1;1;0;0;0
cell0883.png;1;poly;1;0;0;0;0
cell0884.png;1;poly;1;0;0;0;0
cell0885.png;1;poly;1;0;0;0;0
cell0886.png;1;poly;1;0;0;1;0
cell0887.png;1;poly;1;0;0;0;0
cell0888.png;1;poly;1;0;1;0;0
cell0889.png;1;poly;1;1;0;0;0
cell0890.png;1;poly;1;0;0;0;0
cell0891.png;1;poly;1;0;0;0;0
cell0892.png;1;poly;1;1;0;0;0
cell0893.png;0.666666667;poly;0;0;0;0;0
cell0894.png;0.333333333;poly;0;0;1;0;0
cell0895.png;0.333333333;poly;0;0;0;0;0
cell0896.png;0.666666667;poly;1;0;1;0;1
cell0897.png;1;poly;1;1;0;0;0
cell0898.png;1;poly;1;0;0;0;0
cell0899.png;1;poly;1;0;0;1;0
cell0900.png;1;poly;1;0;0;0;0
cell0901.png;0;mono;0;0;0;0;0
cell0902.png;0;mono;0;0;0;0;0
cell0903.png;0;mono;0;0;0;0;0
cell0904.png;0;mono;0;0;0;0;0
cell0905.png;0;mono;0;0;0;0;0
cell0906.png;0;mono;0;0;0;0;0
cell0907.png;0;mono;0;0;0;0;1
cell0908.png;0;mono;0;0;0;0;0
cell0909.png;0;mono;0;0;0;0;0
cell0910.png;0;mono;0;0;0;0;0
cell0911.png;1;mono;0;0;1;1;0
cell0912.png;1;mono;0;0;0;1;0
cell0913.png;0;mono;0;0;0;0;0
cell0914.png;0;mono;0;0;0;0;0
cell0915.png;1;mono;1;0;0;1;0
cell0916.png;1;mono;0;0;0;1;0
cell0917.png;0;mono;0;0;0;0;0
cell0918.png;0;mono;0;0;0;0;0
cell0919.png;0;mono;0;0;0;0;0
cell0920.png;0;mono;0;0;0;0;0
cell0921.png;0.333333333;mono;0;0;1;0;0
cell0922.png;0;mono;0;0;0;0;0
cell0923.png;0;mono;0;0;0;0;0
cell0924.png;0;mono;0;0;0;0;0
cell0925.png;0;mono;0;0;0;0;0
cell0926.png;0;mono;0;0;0;0;0
cell0927.png;0;mono;0;0;0;0;1
cell0928.png;0;mono;0;0;0;0;0
cell0929.png;0;mono;0;0;0;0;0
cell0930.png;0;mono;0;0;0;0;0
cell0931.png;0;mono;0;0;0;1;0
cell0932.png;0;mono;0;0;0;1;0
cell0933.png;0;mono;0;0;0;1;0
cell0934.png;0;mono;0;0;0;1;0
cell0935.png;0;mono;0;0;0;1;0
cell0936.png;1;mono;1;0;0;1;0
cell0937.png;0;mono;0;0;0;1;0
cell0938.png;0;mono;0;0;0;1;0
cell0939.png;0;mono;0;0;0;1;0
cell0940.png;0;mono;0;0;0;1;0
cell0941.png;0;mono;0;0;0;0;0
cell0942.png;0;mono;0;0;0;0;0
cell0943.png;0;mono;0;0;0;0;0
cell0944.png;0;mono;0;0;0;0;1
cell0945.png;0;mono;0;0;0;0;1
cell0946.png;0;mono;0;0;0;0;0
cell0947.png;0;mono;0;0;0;0;0
cell0948.png;0;mono;0;0;0;0;0
cell0949.png;0;mono;0;0;0;0;0
cell0950.png;1;mono;0;0;1;0;0
cell0951.png;0;mono;0;0;0;1;1
cell0952.png;0;mono;0;0;0;1;0
cell0953.png;0;mono;0;0;0;1;0
cell0954.png;0;mono;0;0;0;1;1
cell0955.png;0;mono;0;0;0;1;1
cell0956.png;0;mono;0;0;0;1;0
cell0957.png;0;mono;0;0;0;1;0
cell0958.png;1;mono;0;0;1;1;0
cell0959.png;0;mono;0;0;0;1;0
cell0960.png;0;mono;0;0;0;1;0
cell0961.png;0;mono;0;0;0;0;0
cell0962.png;0;mono;0;0;0;0;0
cell0963.png;0;mono;0;0;0;0;0
cell0964.png;0;mono;0;0;0;0;0
cell0965.png;0;mono;0;0;0;0;0
cell0966.png;0;mono;0;0;0;1;0
cell0967.png;0;mono;0;0;0;1;0
cell0968.png;0;mono;0;0;0;0;1
cell0969.png;0;mono;0;0;0;0;0
cell0970.png;0.666666667;mono;0;0;0;0;0
cell0971.png;0;mono;0;0;0;1;0
cell0972.png;0;mono;0;0;0;1;0
cell0973.png;0;mono;0;0;0;0;0
cell0974.png;0;mono;0;0;0;0;1
cell0975.png;0;mono;0;0;0;1;0
cell0976.png;1;mono;0;0;0;1;0
cell0977.png;0;mono;0;0;0;1;0
cell0978.png;1;mono;0;0;1;1;0
cell0979.png;1;mono;0;0;1;1;0
cell0980.png;0;mono;0;0;0;0;0
cell0981.png;0;mono;0;0;0;1;0
cell0982.png;0;mono;0;0;0;1;0
cell0983.png;0;mono;0;0;0;1;0
cell0984.png;0;mono;0;0;0;0;0
cell0985.png;0;mono;0;0;0;0;0
cell0986.png;0;mono;0;0;0;0;0
cell0987.png;0.666666667;mono;0;0;0;1;0
cell0988.png;0;mono;0;0;0;1;0
cell0989.png;0;mono;0;0;0;0;0
cell0990.png;0;mono;0;0;0;0;0
cell0991.png;0;mono;0;0;0;1;0
cell0992.png;0;mono;0;0;0;0;0
cell0993.png;0;mono;0;0;0;0;0
cell0994.png;1;mono;0;0;1;0;0
cell0995.png;0;mono;0;0;0;1;0
cell0996.png;1;mono;0;0;1;1;0
cell0997.png;0;mono;0;0;0;0;1
cell0998.png;1;mono;0;0;1;1;0
cell0999.png;0;mono;0;0;0;0;0
cell1000.png;0;mono;0;0;0;0;1
cell1001.png;0;mono;0;0;0;0;0
cell1002.png;0;mono;0;0;0;0;0
cell1003.png;1;mono;0;0;1;1;0
cell1004.png;0;mono;0;0;0;0;0
cell1005.png;0;mono;0;0;0;0;0
cell1006.png;0;mono;0;0;0;0;0
cell1007.png;0.333333333;mono;0;0;1;0;0
cell1008.png;0.666666667;mono;0;0;0;1;0
cell1009.png;0;mono;0;0;0;1;1
cell1010.png;0;mono;0;0;0;0;0
cell1011.png;0.333333333;mono;0;0;1;0;0
cell1012.png;0;mono;0;0;0;0;0
cell1013.png;0;mono;0;0;0;0;1
cell1014.png;0;mono;0;0;0;0;0
cell1015.png;0;mono;0;0;0;0;0
cell1016.png;0;mono;0;0;0;1;1
cell1017.png;0;mono;0;0;0;1;0
cell1018.png;0;mono;0;0;0;0;0
cell1019.png;0;mono;0;0;0;0;0
cell1020.png;0;mono;0;0;0;1;0
cell1021.png;0;mono;0;0;0;1;0
cell1022.png;0.666666667;mono;1;0;0;0;1
cell1023.png;0;mono;0;0;0;1;0
cell1024.png;0;mono;0;0;0;1;0
cell1025.png;0.666666667;mono;0;0;1;1;0
cell1026.png;0.666666667;mono;0;0;0;1;0
cell1027.png;0;mono;0;0;0;1;0
cell1028.png;0.666666667;mono;0;0;0;1;0
cell1029.png;0;mono;0;0;0;0;0
cell1030.png;1;mono;0;0;1;0;1
cell1031.png;0;mono;0;0;0;1;0
cell1032.png;1;mono;0;0;0;1;0
cell1033.png;0.333333333;mono;0;0;0;1;0
cell1034.png;0;mono;0;0;0;1;0
cell1035.png;0;mono;0;0;0;0;0
cell1036.png;1;mono;0;0;0;1;0
cell1037.png;0;mono;0;0;0;1;0
cell1038.png;0;mono;0;0;0;0;0
cell1039.png;0;mono;0;0;0;0;0
cell1040.png;0;mono;0;0;0;0;0
cell1041.png;1;mono;0;0;0;1;0
cell1042.png;1;mono;0;0;1;0;0
cell1043.png;1;mono;0;0;1;0;0
cell1044.png;1;mono;1;0;0;0;0
cell1045.png;1;mono;0;0;0;1;1
cell1046.png;1;mono;0;0;1;0;0
cell1047.png;0;mono;0;0;0;0;0
cell1048.png;1;mono;0;0;1;0;0
cell1049.png;1;mono;1;0;0;0;0
cell1050.png;1;mono;0;0;1;1;0
cell1051.png;0;mono;0;0;0;1;0
cell1052.png;0;mono;0;0;0;0;1
cell1053.png;1;mono;0;0;1;1;0
cell1054.png;1;mono;0;0;1;1;0
cell1055.png;1;mono;0;0;1;1;0
cell1056.png;1;mono;0;0;0;1;0
cell1057.png;0;mono;0;0;0;1;0
cell1058.png;0;mono;0;0;0;1;0
cell1059.png;1;mono;1;0;0;1;0
cell1060.png;0;mono;0;0;0;1;0
cell1061.png;1;mono;1;0;0;0;0
cell1062.png;0;mono;0;0;0;0;0
cell1063.png;0;mono;0;0;0;0;0
cell1064.png;1;mono;0;0;0;1;0
cell1065.png;1;mono;1;0;0;0;0
cell1066.png;0;mono;0;0;0;0;0
cell1067.png;0;mono;0;0;0;1;0
cell1068.png;0;mono;0;0;0;0;0
cell1069.png;1;mono;0;0;1;0;0
cell1070.png;0;mono;0;0;0;0;0
cell1071.png;1;mono;1;0;0;0;0
cell1072.png;0;mono;0;0;0;0;0
cell1073.png;1;mono;0;0;0;0;0
cell1074.png;1;mono;1;0;0;1;0
cell1075.png;1;mono;1;0;0;0;0
cell1076.png;0;mono;0;0;0;0;0
cell1077.png;0;mono;0;0;0;0;0
cell1078.png;0;mono;0;0;0;0;0
cell1079.png;1;mono;0;0;0;1;0
cell1080.png;1;mono;1;0;0;1;0
cell1081.png;0;mono;0;0;0;1;1
cell1082.png;0.333333333;mono;0;0;0;1;0
cell1083.png;0;mono;0;0;0;0;0
cell1084.png;0;mono;0;0;0;1;0
cell1085.png;0.666666667;mono;0;0;1;1;0
cell1086.png;1;mono;0;0;0;1;0
cell1087.png;1;mono;0;0;0;0;1
cell1088.png;1;mono;1;0;0;0;0
cell1089.png;0;mono;0;0;0;0;0
cell1090.png;0.666666667;mono;0;0;0;0;0
cell1091.png;0;mono;0;0;0;0;0
cell1092.png;0;mono;0;0;0;0;0
cell1093.png;0;mono;0;0;0;0;0
cell1094.png;0;mono;0;0;0;0;1
cell1095.png;0.666666667;mono;0;0;1;0;0
cell1096.png;0;mono;0;0;0;0;0
cell1097.png;1;mono;1;0;0;0;0
cell1098.png;1;mono;0;0;0;0;0
cell1099.png;1;mono;0;0;0;0;0
cell1100.png;1;mono;0;0;0;0;0
cell1101.png;1;mono;0;0;0;0;0
cell1102.png;0;mono;0;0;0;1;0
cell1103.png;1;mono;0;0;1;0;0
cell1104.png;0.666666667;mono;0;0;1;0;0
cell1105.png;0;mono;0;0;0;0;0
cell1106.png;0;mono;0;0;0;0;0
cell1107.png;0;mono;0;0;0;0;0
cell1108.png;1;mono;1;0;0;0;0
cell1109.png;1;mono;1;0;0;0;0
cell1110.png;0;mono;0;0;0;0;1
cell1111.png;0;mono;0;0;0;0;0
cell1112.png;0;mono;0;0;0;0;0
cell1113.png;0;mono;0;0;0;0;0
cell1114.png;0;mono;0;0;0;0;1
cell1115.png;0;mono;0;0;0;0;0
cell1116.png;0;mono;0;0;0;0;0
cell1117.png;0;mono;0;0;0;0;0
cell1118.png;0;mono;0;0;0;0;0
cell1119.png;0;mono;0;0;0;0;0
cell1120.png;0;mono;0;0;0;0;0
cell1121.png;0.333333333;mono;0;0;0;1;0
cell1122.png;0.333333333;mono;0;0;0;1;0
cell1123.png;0.333333333;mono;0;0;0;1;0
cell1124.png;0.333333333;mono;0;0;0;1;0
cell1125.png;0.333333333;mono;0;0;0;1;1
cell1126.png;0;mono;0;0;0;1;0
cell1127.png;0.666666667;mono;0;0;1;1;0
cell1128.png;1;mono;1;0;0;0;0
cell1129.png;0;mono;0;0;0;1;0
cell1130.png;0.333333333;mono;0;0;0;1;0
cell1131.png;0;mono;0;0;0;0;0
cell1132.png;1;mono;0;0;1;0;0
cell1133.png;0;mono;0;0;0;1;0
cell1134.png;0;mono;0;0;0;1;0
cell1135.png;0;mono;0;0;0;0;0
cell1136.png;0;mono;0;0;0;0;0
cell1137.png;0;mono;0;0;0;0;0
cell1138.png;0;mono;0;0;0;0;1
cell1139.png;0;mono;0;0;0;0;0
cell1140.png;0;mono;0;0;0;0;0
cell1141.png;0.333333333;mono;0;0;1;0;0
cell1142.png;1;mono;1;0;0;1;0
cell1143.png;1;mono;1;0;1;0;0
cell1144.png;0;mono;0;0;0;0;0
cell1145.png;0;mono;0;0;0;0;0
cell1146.png;1;mono;0;0;1;1;0
cell1147.png;1;mono;1;0;0;0;1
cell1148.png;0;mono;0;0;0;0;0
cell1149.png;0;mono;0;0;0;0;0
cell1150.png;0;mono;0;0;0;1;0
cell1151.png;0.333333333;mono;0;0;1;0;0
cell1152.png;0;mono;0;0;0;1;0
cell1153.png;0;mono;0;0;0;0;0
cell1154.png;0;mono;0;0;0;0;0
cell1155.png;0;mono;0;0;0;0;0
cell1156.png;0;mono;0;0;0;0;0
cell1157.png;0;mono;0;0;0;0;0
cell1158.png;0;mono;0;0;0;0;0
cell1159.png;0.333333333;mono;0;0;1;0;0
cell1160.png;0.333333333;mono;0;0;0;1;1
cell1161.png;1;mono;1;0;1;1;0
cell1162.png;0.666666667;mono;0;0;1;0;0
cell1163.png;1;mono;0;0;1;1;0
cell1164.png;0;mono;0;0;0;1;0
cell1165.png;0;mono;0;0;0;0;0
cell1166.png;0;mono;0;0;0;0;0
cell1167.png;0;mono;0;0;0;0;0
cell1168.png;0.333333333;mono;0;0;0;0;0
cell1169.png;1;mono;0;0;1;0;0
cell1170.png;0;mono;0;0;0;0;0
cell1171.png;0;mono;0;0;0;1;0
cell1172.png;1;mono;0;0;1;0;0
cell1173.png;1;mono;0;0;1;0;0
cell1174.png;1;mono;0;0;1;1;0
cell1175.png;1;mono;0;0;1;1;0
cell1176.png;0;mono;0;0;0;0;0
cell1177.png;0.666666667;mono;0;0;1;0;0
cell1178.png;0;mono;0;0;0;0;0
cell1179.png;0.666666667;mono;1;0;1;0;0
cell1180.png;0;mono;0;0;0;1;1
cell1181.png;0;mono;0;0;0;0;0
cell1182.png;1;mono;1;0;0;0;0
cell1183.png;0;mono;0;0;0;0;0
cell1184.png;0;mono;0;0;0;0;0
cell1185.png;0;mono;0;0;0;1;0
cell1186.png;0;mono;0;0;0;1;0
cell1187.png;0.666666667;mono;1;0;0;1;0
cell1188.png;0.666666667;mono;1;0;0;1;0
cell1189.png;0.666666667;mono;1;0;0;1;0
cell1190.png;0.333333333;mono;0;0;0;1;0
cell1191.png;0;mono;0;0;1;0;0
cell1192.png;0;mono;0;0;0;0;0
cell1193.png;0;mono;0;0;0;0;0
cell1194.png;0;mono;0;0;0;0;0
cell1195.png;0.666666667;mono;0;0;1;0;0
cell1196.png;0.666666667;mono;0;0;1;0;0
cell1197.png;0.666666667;mono;0;0;1;0;0
cell1198.png;0;mono;0;0;0;0;0
cell1199.png;0;mono;0;0;0;0;0
cell1200.png;0;mono;0;0;0;0;0
cell1201.png;0;mono;0;0;0;0;0
cell1202.png;0;mono;0;0;0;0;0
cell1203.png;0;mono;0;0;0;0;0
cell1204.png;0.333333333;mono;0;0;1;0;1
cell1205.png;0;mono;0;0;0;0;0
cell1206.png;0;mono;0;0;0;0;0
cell1207.png;0;mono;1;0;0;0;0
cell1208.png;0;mono;0;0;0;0;1
cell1209.png;0.333333333;mono;0;0;1;0;1
cell1210.png;0;mono;0;0;0;0;0
cell1211.png;0;mono;0;0;0;0;0
cell1212.png;0;mono;0;0;0;0;0
cell1213.png;0;mono;0;0;0;0;0
cell1214.png;0;mono;0;0;0;0;0
cell1215.png;0;mono;0;0;0;0;0
cell1216.png;0;mono;0;0;0;0;1
cell1217.png;0;mono;0;0;0;0;0
cell1218.png;0;mono;0;0;0;0;0
cell1219.png;0.666666667;mono;0;0;1;0;0
cell1220.png;1;mono;0;0;1;0;1
cell1221.png;1;mono;0;0;1;0;0
cell1222.png;0.666666667;mono;0;0;1;0;0
cell1223.png;1;mono;0;0;1;0;0
cell1224.png;0.333333333;mono;0;0;1;0;1
cell1225.png;0;mono;0;0;0;0;0
cell1226.png;0;mono;0;0;0;0;0
cell1227.png;0;mono;0;0;0;0;0
cell1228.png;0;mono;0;0;0;0;0
cell1229.png;0;mono;0;0;0;0;0
cell1230.png;0;mono;0;0;0;0;0
cell1231.png;0;mono;0;0;0;0;0
cell1232.png;0;mono;0;0;0;0;0
cell1233.png;0;mono;0;0;0;0;0
cell1234.png;0;mono;0;0;0;0;1
cell1235.png;0;mono;0;0;0;0;1
cell1236.png;0;mono;0;0;0;0;1
cell1237.png;0;mono;0;0;0;0;0
cell1238.png;0;mono;0;0;0;0;0
cell1239.png;0;mono;0;0;0;0;0
cell1240.png;0;mono;0;0;0;0;0
cell1241.png;0;mono;0;0;0;0;0
cell1242.png;0.666666667;mono;0;0;1;0;0
cell1243.png;0.666666667;mono;0;0;1;1;0
cell1244.png;0;mono;0;0;0;0;0
cell1245.png;0;mono;0;0;0;0;0
cell1246.png;0;mono;0;0;0;0;0
cell1247.png;0;mono;0;0;0;0;0
cell1248.png;0;mono;0;0;0;0;0
cell1249.png;0;mono;0;0;0;0;0
cell1250.png;0;mono;0;0;0;0;0
cell1251.png;0;mono;0;0;0;0;0
cell1252.png;0;mono;0;0;0;0;0
cell1253.png;0;mono;0;0;0;0;0
cell1254.png;0;mono;0;0;0;0;0
cell1255.png;0;mono;0;0;0;0;0
cell1256.png;0;mono;0;0;0;0;0
cell1257.png;0;mono;0;0;0;0;0
cell1258.png;0;mono;0;0;0;0;0
cell1259.png;0.333333333;mono;0;0;0;0;0
cell1260.png;0;mono;0;0;0;0;0
cell1261.png;0;mono;0;0;0;0;1
cell1262.png;0;mono;0;0;0;0;0
cell1263.png;0;mono;0;0;0;0;0
cell1264.png;0.333333333;mono;0;0;0;0;1
cell1265.png;0;mono;0;0;0;0;1
cell1266.png;0;mono;0;0;0;0;0
cell1267.png;1;mono;1;0;0;0;0
cell1268.png;0;mono;0;0;0;0;0
cell1269.png;0;mono;0;0;0;0;0
cell1270.png;0;mono;0;0;0;0;0
cell1271.png;0;mono;0;0;0;0;0
cell1272.png;0;mono;0;0;0;0;0
cell1273.png;0;mono;0;0;0;0;0
cell1274.png;0;mono;0;0;0;0;0
cell1275.png;0;mono;0;0;0;0;0
cell1276.png;0;mono;0;0;0;0;0
cell1277.png;0;mono;0;0;0;0;0
cell1278.png;0;mono;0;0;0;0;1
cell1279.png;0.333333333;mono;0;0;0;0;0
cell1280.png;0.333333333;mono;0;0;0;1;1
cell1281.png;0.333333333;mono;0;0;0;1;0
cell1282.png;0.333333333;mono;0;0;0;1;0
cell1283.png;0.333333333;mono;0;0;0;1;0
cell1284.png;0.333333333;mono;0;0;0;1;1
cell1285.png;0;mono;0;0;0;0;0
cell1286.png;0;mono;0;0;0;0;1
cell1287.png;0;mono;0;0;0;0;0
cell1288.png;0;mono;0;0;0;0;0
cell1289.png;0;mono;0;0;0;0;1
cell1290.png;0;mono;0;0;0;0;0
cell1291.png;0;mono;0;0;0;0;0
cell1292.png;0;mono;0;0;0;0;0
cell1293.png;0;mono;0;0;0;0;0
cell1294.png;0;mono;0;0;0;0;0
cell1295.png;0.333333333;mono;0;0;0;0;0
cell1296.png;0.333333333;mono;0;0;0;0;0
cell1297.png;0.333333333;mono;0;0;0;0;0
cell1298.png;0.333333333;mono;0;0;0;0;0
cell1299.png;0.333333333;mono;0;0;0;0;0
cell1300.png;0.333333333;mono;0;0;0;0;0
cell1301.png;0.333333333;mono;0;0;0;0;0
cell1302.png;0.333333333;mono;0;0;0;0;0
cell1303.png;1;mono;1;0;0;0;0
cell1304.png;0.333333333;mono;0;0;0;0;1
cell1305.png;0;mono;0;0;0;0;0
cell1306.png;1;mono;1;0;0;0;0
cell1307.png;0;mono;0;0;0;0;0
cell1308.png;1;mono;1;0;0;0;0
cell1309.png;0;mono;0;0;0;0;0
cell1310.png;0;mono;0;0;0;0;0
cell1311.png;0;mono;0;0;0;0;0
cell1312.png;0;mono;0;0;0;0;0
cell1313.png;0;mono;0;0;0;0;0
cell1314.png;0;mono;0;0;0;0;0
cell1315.png;1;mono;1;0;0;0;0
cell1316.png;0;mono;0;0;0;0;0
cell1317.png;0;mono;0;0;0;0;0
cell1318.png;0;mono;0;0;0;0;1
cell1319.png;0;mono;0;0;0;0;0
cell1320.png;0.333333333;mono;0;0;0;0;0
cell1321.png;0;mono;0;0;0;0;0
cell1322.png;0;mono;0;0;0;1;0
cell1323.png;0;mono;0;0;0;0;0
cell1324.png;0;mono;0;0;0;0;0
cell1325.png;0.333333333;mono;0;0;1;0;0
cell1326.png;0.333333333;mono;0;0;0;0;0
cell1327.png;0.333333333;mono;0;0;0;0;0
cell1328.png;0.333333333;mono;0;0;0;0;0
cell1329.png;0.333333333;mono;0;0;1;0;0
cell1330.png;0.333333333;mono;0;0;0;0;0
cell1331.png;0.333333333;mono;0;0;0;0;0
cell1332.png;0.333333333;mono;0;0;0;0;0
cell1333.png;0.333333333;mono;0;0;0;0;0
cell1334.png;0.333333333;mono;0;0;1;0;0
cell1335.png;0;mono;0;0;0;1;0
cell1336.png;0;mono;0;0;0;0;0
cell1337.png;0;mono;0;0;0;0;0
cell1338.png;0;mono;0;0;0;1;0
cell1339.png;0;mono;0;0;0;0;1
cell1340.png;0;mono;0;0;0;0;0
cell1341.png;0;mono;0;0;0;0;0
cell1342.png;0;mono;0;0;0;1;0
cell1343.png;0;mono;0;0;0;0;0
cell1344.png;0;mono;0;0;0;0;0
cell1345.png;0.333333333;mono;0;0;0;0;1
cell1346.png;0.333333333;mono;0;0;0;0;0
cell1347.png;0.333333333;mono;0;0;0;0;0
cell1348.png;0;mono;0;0;0;0;0
cell1349.png;0;mono;0;0;0;0;0
cell1350.png;0;mono;0;0;0;0;0
cell1351.png;0;mono;0;0;0;0;0
cell1352.png;0;mono;0;0;0;0;0
cell1353.png;0;mono;0;0;0;0;0
cell1354.png;0.333333333;mono;0;0;0;0;0
cell1355.png;0;mono;0;0;0;0;0
cell1356.png;0;mono;0;0;0;0;0
cell1357.png;0;mono;0;0;0;0;0
cell1358.png;0;mono;0;0;0;0;0
cell1359.png;0;mono;0;0;0;0;0
cell1360.png;0;mono;0;0;0;0;0
cell1361.png;0;mono;0;0;0;1;0
cell1362.png;0;mono;0;0;0;0;0
cell1363.png;0;mono;0;0;0;0;0
cell1364.png;0;mono;0;0;0;0;0
cell1365.png;0.333333333;mono;0;0;0;1;0
cell1366.png;0.333333333;mono;0;0;0;0;0
cell1367.png;0.333333333;mono;0;0;0;0;0
cell1368.png;0.333333333;mono;0;0;0;0;0
cell1369.png;0.333333333;mono;0;0;0;0;0
cell1370.png;0.333333333;mono;0;0;0;0;0
cell1371.png;0.333333333;mono;0;0;0;0;0
cell1372.png;0.333333333;mono;0;0;0;0;0
cell1373.png;0.333333333;mono;0;0;0;0;0
cell1374.png;0;mono;0;0;0;0;0
cell1375.png;0;mono;0;0;0;0;0
cell1376.png;0.666666667;mono;0;0;1;0;0
cell1377.png;0.333333333;mono;0;0;0;0;0
cell1378.png;0.333333333;mono;0;0;0;0;0
cell1379.png;0.666666667;mono;0;0;0;0;0
cell1380.png;0;mono;0;0;0;0;0
cell1381.png;1;mono;0;0;1;0;0
cell1382.png;0.666666667;mono;0;0;1;0;0
cell1383.png;0.666666667;mono;0;0;1;0;0
cell1384.png;0.666666667;mono;0;0;0;1;0
cell1385.png;0;mono;0;0;0;0;0
cell1386.png;0.333333333;mono;0;0;0;0;0
cell1387.png;0.333333333;mono;0;0;0;0;1
cell1388.png;0.333333333;mono;0;0;0;0;0
cell1389.png;1;mono;0;0;1;0;0
cell1390.png;1;mono;0;0;1;0;0
cell1391.png;0.666666667;mono;0;0;1;0;0
cell1392.png;0.666666667;mono;0;0;1;0;0
cell1393.png;0.666666667;mono;1;0;0;0;1
cell1394.png;1;mono;0;0;1;0;0
cell1395.png;0.333333333;mono;0;0;0;0;0
cell1396.png;1;mono;1;0;1;0;0
cell1397.png;0.333333333;mono;0;0;0;0;1
cell1398.png;0.333333333;mono;0;0;0;0;0
cell1399.png;0.666666667;mono;1;0;1;0;0
cell1400.png;0;mono;0;0;0;0;0
cell1401.png;0;mono;0;0;0;0;0
cell1402.png;0;mono;0;0;0;0;0
cell1403.png;0.333333333;mono;1;0;0;0;0
cell1404.png;0.333333333;mono;1;0;0;0;1
cell1405.png;1;mono;1;0;1;0;1
cell1406.png;0.666666667;mono;0;0;1;0;1
cell1407.png;0.666666667;mono;0;0;0;0;0
cell1408.png;0.666666667;mono;0;0;0;0;1
cell1409.png;0.666666667;mono;1;0;1;0;0
cell1410.png;0;mono;0;0;0;0;0
cell1411.png;0.666666667;mono;0;0;1;0;0
cell1412.png;0.333333333;mono;0;0;0;0;0
cell1413.png;0.333333333;mono;0;0;1;0;1
cell1414.png;0.333333333;mono;0;0;1;0;0
cell1415.png;1;mono;0;0;1;0;0
cell1416.png;0.666666667;mono;0;0;1;0;0
cell1417.png;1;mono;0;0;1;0;0
cell1418.png;1;mono;0;0;1;0;0
cell1419.png;1;mono;0;0;1;0;0
cell1420.png;1;mono;0;0;1;0;0
cell1421.png;1;mono;0;0;1;0;0
cell1422.png;1;mono;0;0;1;0;0
cell1423.png;1;mono;0;0;1;0;0
cell1424.png;1;mono;0;0;1;0;0
cell1425.png;0.666666667;mono;0;0;1;0;0
cell1426.png;1;mono;0;0;1;0;0
cell1427.png;1;mono;0;0;0;0;0
cell1428.png;0.666666667;mono;0;0;0;0;0
cell1429.png;0.333333333;mono;0;0;1;0;0
cell1430.png;0.333333333;mono;0;0;1;0;0
cell1431.png;0.333333333;mono;0;0;0;0;0
cell1432.png;0.333333333;mono;0;0;1;0;0
cell1433.png;0.333333333;mono;0;0;1;0;0
cell1434.png;0.333333333;mono;0;0;1;0;0
cell1435.png;0;mono;0;0;0;0;0
cell1436.png;0;mono;0;0;0;0;0
cell1437.png;0.333333333;mono;0;0;0;0;0
cell1438.png;0;mono;0;0;0;0;0
cell1439.png;0.666666667;mono;0;0;1;0;0
cell1440.png;1;mono;0;0;1;0;0
cell1441.png;1;mono;0;0;1;0;0
cell1442.png;0;mono;0;0;0;0;0
cell1443.png;0;mono;0;0;0;1;0
cell1444.png;0;mono;0;0;0;0;0
cell1445.png;0;mono;0;0;0;0;0
cell1446.png;0;mono;0;0;0;0;0
cell1447.png;0;mono;0;0;0;0;1
cell1448.png;0.333333333;mono;0;0;1;0;0
cell1449.png;0;mono;0;0;1;0;0
cell1450.png;0.333333333;mono;0;0;1;0;1
cell1451.png;0.333333333;mono;0;0;1;0;0
cell1452.png;0.333333333;mono;0;0;0;0;0
cell1453.png;0;mono;0;0;0;0;0
cell1454.png;1;mono;0;0;1;0;0
cell1455.png;0;mono;0;0;0;0;0
cell1456.png;0.333333333;mono;1;0;1;0;0
cell1457.png;0.666666667;mono;0;0;0;1;0
cell1458.png;0;mono;0;0;0;0;0
cell1459.png;0;mono;0;0;0;0;0
cell1460.png;0;mono;0;0;0;0;0
cell1461.png;1;mono;0;0;1;0;0
cell1462.png;0;mono;0;0;0;0;0
cell1463.png;0;mono;0;0;0;0;0
cell1464.png;0;mono;0;0;0;0;0
cell1465.png;0;mono;0;0;0;0;0
cell1466.png;0.333333333;mono;0;0;1;0;0
cell1467.png;0;mono;0;0;0;0;0
cell1468.png;0.333333333;mono;0;0;1;0;0
cell1469.png;0;mono;0;0;0;0;0
cell1470.png;0;mono;0;0;0;0;0
cell1471.png;0;mono;0;0;0;0;1
cell1472.png;0;mono;0;0;0;0;0
cell1473.png;0;mono;0;0;0;0;1
cell1474.png;0;mono;0;0;0;0;0
cell1475.png;0;mono;1;0;0;0;0
cell1476.png;0.333333333;mono;0;0;1;0;0
cell1477.png;0.333333333;mono;0;0;1;0;0
cell1478.png;0.666666667;mono;0;0;1;0;1
cell1479.png;0;mono;0;0;0;0;0
cell1480.png;0;mono;0;0;0;0;0
cell1481.png;0;mono;0;0;0;0;0
cell1482.png;0;mono;0;0;0;0;0
cell1483.png;0.333333333;mono;0;0;1;0;0
cell1484.png;0;mono;0;0;0;0;0
cell1485.png;0;mono;0;0;0;0;0
cell1486.png;0.333333333;mono;0;0;0;0;0
cell1487.png;0.333333333;mono;1;0;0;0;0
cell1488.png;0;mono;0;0;0;0;0
cell1489.png;0.666666667;mono;0;0;1;0;0
cell1490.png;0;mono;0;0;0;0;0
cell1491.png;0;mono;0;0;0;0;0
cell1492.png;0.333333333;mono;0;0;0;0;0
cell1493.png;0;mono;0;0;0;0;0
cell1494.png;0.333333333;mono;0;0;1;0;1
cell1495.png;0;mono;0;0;0;0;0
cell1496.png;0;mono;0;0;0;0;0
cell1497.png;0;mono;0;0;0;0;0
cell1498.png;0;mono;0;0;0;0;0
cell1499.png;0;mono;0;0;0;0;0
cell1500.png;0;mono;0;0;0;0;1
cell1501.png;0;mono;0;0;0;0;0
cell1502.png;0.666666667;mono;1;0;0;0;0
cell1503.png;0;mono;0;0;0;0;0
cell1504.png;0;mono;0;0;0;0;0
cell1505.png;0;mono;0;0;0;0;0
cell1506.png;0;mono;0;0;0;0;0
cell1507.png;0;mono;0;0;0;0;1
cell1508.png;0;mono;0;0;0;0;0
cell1509.png;0;mono;0;0;0;0;0
cell1510.png;0;mono;0;0;0;0;0
cell1511.png;0;mono;0;0;0;0;0
cell1512.png;0.333333333;mono;0;0;1;0;0
cell1513.png;0;mono;0;0;0;0;0
cell1514.png;0;mono;0;0;0;0;0
cell1515.png;0;mono;0;0;0;0;0
cell1516.png;0;mono;0;0;0;0;1
cell1517.png;0;mono;0;0;0;0;1
cell1518.png;0;mono;0;0;0;0;0
cell1519.png;0;mono;0;0;0;0;1
cell1520.png;0;mono;0;0;0;0;1
cell1521.png;0;mono;0;0;0;0;0
cell1522.png;0;mono;0;0;0;0;0
cell1523.png;0;mono;0;0;0;0;0
cell1524.png;0;mono;0;0;0;0;0
cell1525.png;0;mono;0;0;0;0;0
cell1526.png;0;mono;0;0;0;0;0
cell1527.png;0;mono;0;0;0;0;0
cell1528.png;0;mono;0;0;0;0;0
cell1529.png;0;mono;0;0;0;0;0
cell1530.png;0;mono;0;0;0;0;0
cell1531.png;0.333333333;mono;0;0;1;0;0
cell1532.png;0;mono;0;0;0;0;0
cell1533.png;0;mono;0;0;0;0;0
cell1534.png;0;mono;0;0;0;0;0
cell1535.png;0;mono;0;0;0;0;0
cell1536.png;0;mono;0;0;0;0;0
cell1537.png;0;mono;0;0;0;0;0
cell1538.png;0;mono;0;0;0;0;0
cell1539.png;0;mono;0;0;0;0;0
cell1540.png;0.333333333;mono;0;0;1;0;0
cell1541.png;0;mono;0;0;0;0;0
cell1542.png;0;mono;0;0;0;0;0
cell1543.png;0;mono;0;0;0;0;0
cell1544.png;0;mono;0;0;0;0;0
cell1545.png;0;mono;0;0;0;0;0
cell1546.png;0;mono;0;0;0;0;0
cell1547.png;0;mono;0;0;0;0;1
cell1548.png;0;mono;0;0;0;0;0
cell1549.png;0;mono;0;0;0;0;0
cell1550.png;0;mono;0;0;0;0;0
cell1551.png;0;mono;0;0;0;0;0
cell1552.png;0;mono;0;0;0;0;0
cell1553.png;0;mono;0;0;0;0;0
cell1554.png;0;mono;0;0;0;0;0
cell1555.png;0;mono;0;0;0;0;0
cell1556.png;0;mono;0;0;0;0;0
cell1557.png;0;mono;0;0;0;0;0
cell1558.png;0;mono;0;0;0;0;0
cell1559.png;0;mono;0;0;0;0;0
cell1560.png;0;mono;0;0;0;0;0
cell1561.png;0;mono;0;0;0;0;0
cell1562.png;0;mono;0;0;0;0;0
cell1563.png;0;mono;0;0;0;0;0
cell1564.png;0;mono;0;0;0;0;0
cell1565.png;0;mono;0;0;0;0;0
cell1566.png;0;mono;0;0;0;0;0
cell1567.png;0.333333333;mono;0;0;0;0;1
cell1568.png;0;mono;0;0;0;0;0
cell1569.png;0;mono;0;0;0;0;1
cell1570.png;0;mono;0;0;0;0;0
cell1571.png;0;mono;0;0;0;0;0
cell1572.png;0;mono;0;0;0;0;0
cell1573.png;0;mono;0;0;0;0;0
cell1574.png;0;mono;0;0;0;0;0
cell1575.png;0;mono;0;0;0;0;0
cell1576.png;0;mono;0;0;0;0;0
cell1577.png;0;mono;0;0;0;0;0
cell1578.png;0;mono;0;0;0;0;0
cell1579.png;0;mono;0;0;0;0;0
cell1580.png;0;mono;0;0;0;0;0
cell1581.png;0;mono;0;0;0;0;0
cell1582.png;0;mono;0;0;0;0;1
cell1583.png;0;mono;0;0;0;0;0
cell1584.png;0;mono;0;0;0;0;0
cell1585.png;0;mono;0;0;0;0;0
cell1586.png;0;mono;0;0;0;0;0
cell1587.png;0;mono;0;0;0;0;0
cell1588.png;0;mono;0;0;0;0;0
cell1589.png;1;mono;1;0;0;0;0
cell1590.png;0;mono;0;0;0;0;0
cell1591.png;1;mono;1;0;0;0;0
cell1592.png;0;mono;0;0;0;0;0
cell1593.png;0;mono;0;0;0;0;0
cell1594.png;0;mono;0;0;0;0;1
cell1595.png;0;mono;0;0;0;0;0
cell1596.png;0.333333333;mono;0;0;0;0;0
cell1597.png;0;mono;0;0;0;0;0
cell1598.png;0;mono;0;0;0;0;0
cell1599.png;0;mono;0;0;0;0;0
cell1600.png;0;mono;0;0;0;0;0
cell1601.png;0;mono;0;0;0;0;0
cell1602.png;0;mono;0;0;0;0;0
cell1603.png;0;mono;0;0;0;0;0
cell1604.png;0;mono;0;0;0;0;0
cell1605.png;0;mono;0;0;0;0;0
cell1606.png;0;mono;0;0;0;0;0
cell1607.png;0;mono;0;0;0;0;0
cell1608.png;0;mono;0;0;0;0;0
cell1609.png;0;mono;0;0;0;0;0
cell1610.png;0;mono;0;0;0;0;0
cell1611.png;0;mono;0;0;0;0;0
cell1612.png;0;mono;0;0;0;0;0
cell1613.png;0;mono;0;0;0;0;0
cell1614.png;0;mono;0;0;0;0;0
cell1615.png;1;poly;1;1;0;0;0
cell1616.png;1;poly;0;1;0;0;0
cell1617.png;0;poly;0;0;0;0;0
cell1618.png;1;poly;1;1;0;0;0
cell1619.png;0;poly;0;0;0;0;0
cell1620.png;0;poly;0;0;0;0;0
cell1621.png;1;poly;1;1;0;0;0
cell1622.png;1;poly;1;1;0;0;0
cell1623.png;1;poly;0;1;0;0;0
cell1624.png;1;poly;1;1;0;0;0
cell1625.png;1;poly;1;1;0;0;0
cell1626.png;1;poly;1;1;0;0;0
cell1627.png;1;poly;1;1;0;0;0
cell1628.png;1;poly;1;1;0;0;0
cell1629.png;1;poly;1;1;0;0;0
cell1630.png;1;poly;1;1;0;1;0
cell1631.png;1;poly;1;1;0;1;0
cell1632.png;1;poly;1;1;0;0;0
cell1633.png;1;poly;1;1;0;0;0
cell1634.png;1;poly;1;1;0;0;0
cell1635.png;1;poly;1;1;0;0;0
cell1636.png;0;poly;0;0;0;0;1
cell1637.png;1;poly;1;1;0;0;0
cell1638.png;1;poly;1;1;0;0;0
cell1639.png;1;poly;1;1;0;0;0
cell1640.png;0;poly;0;0;0;0;1
cell1641.png;0;poly;0;0;0;0;0
cell1642.png;0;poly;0;0;0;0;0
cell1643.png;1;poly;1;1;0;0;1
cell1644.png;0;poly;0;0;0;0;1
cell1645.png;1;poly;1;1;0;0;0
cell1646.png;1;poly;1;1;0;0;0
cell1647.png;1;poly;1;1;0;0;0
cell1648.png;1;poly;1;1;0;0;0
cell1649.png;1;poly;1;1;0;0;0
cell1650.png;1;poly;1;1;0;0;1
cell1651.png;1;poly;1;1;0;0;0
cell1652.png;1;poly;1;1;0;0;1
cell1653.png;1;poly;1;1;0;0;0
cell1654.png;1;poly;1;1;0;1;0
cell1655.png;1;poly;1;1;0;0;0
cell1656.png;0;poly;0;0;0;0;0
cell1657.png;1;poly;1;1;0;0;0
cell1658.png;0;poly;0;0;0;0;0
cell1659.png;0;poly;0;0;0;0;0
cell1660.png;0;poly;0;0;0;0;0
cell1661.png;0;poly;0;0;0;0;1
cell1662.png;0;poly;0;0;0;0;0
cell1663.png;0;poly;0;0;0;0;0
cell1664.png;0;poly;0;0;0;0;0
cell1665.png;1;poly;1;1;0;0;0
cell1666.png;1;poly;1;1;0;0;0
cell1667.png;1;poly;1;1;0;0;0
cell1668.png;1;poly;1;1;0;0;0
cell1669.png;1;poly;1;1;0;0;1
cell1670.png;1;poly;1;1;0;0;0
cell1671.png;1;poly;1;1;0;0;0
cell1672.png;1;poly;1;1;0;0;1
cell1673.png;1;poly;1;1;0;1;0
cell1674.png;1;poly;1;1;0;0;0
cell1675.png;0.666666667;poly;0;0;1;0;0
cell1676.png;0;poly;0;0;0;0;0
cell1677.png;0;poly;0;0;0;0;0
cell1678.png;0;poly;0;0;1;0;0
cell1679.png;0.333333333;poly;0;0;1;0;0
cell1680.png;0;poly;0;0;0;0;0
cell1681.png;0;poly;0;0;0;0;0
cell1682.png;0;poly;0;0;0;0;0
cell1683.png;0;poly;0;0;0;0;0
cell1684.png;0;poly;0;0;0;0;0
cell1685.png;0;poly;0;0;0;0;0
cell1686.png;0;poly;0;0;0;0;0
cell1687.png;0;poly;0;0;0;0;0
cell1688.png;0;poly;0;0;0;0;0
cell1689.png;0;poly;0;0;0;0;0
cell1690.png;0;poly;0;0;0;0;0
cell1691.png;0;poly;0;0;0;0;0
cell1692.png;0;poly;0;0;0;0;0
cell1693.png;0;poly;0;0;0;0;0
cell1694.png;0;poly;0;0;0;0;0
cell1695.png;0;poly;0;0;0;0;0
cell1696.png;0;poly;0;0;0;0;0
cell1697.png;0;poly;0;0;0;0;0
cell1698.png;0;poly;0;0;0;0;0
cell1699.png;0;poly;0;0;0;0;0
cell1700.png;0;poly;0;0;0;0;1
cell1701.png;0;poly;1;0;0;1;0
cell1702.png;0;poly;0;0;0;0;0
cell1703.png;0;poly;0;0;0;0;0
cell1704.png;0;poly;0;0;0;1;1
cell1705.png;0;poly;0;0;0;0;0
cell1706.png;0.333333333;poly;0;0;1;0;0
cell1707.png;0;poly;0;0;0;0;1
cell1708.png;0;poly;0;0;0;1;1
cell1709.png;0;poly;0;0;0;0;0
cell1710.png;0;poly;0;0;0;0;0
cell1711.png;0;poly;0;0;0;0;0
cell1712.png;0;poly;1;0;0;0;0
cell1713.png;0;poly;0;0;0;0;0
cell1714.png;0.333333333;poly;0;0;0;0;0
cell1715.png;0;poly;0;0;0;0;0
cell1716.png;0;poly;0;0;0;0;0
cell1717.png;0;poly;0;0;0;0;0
cell1718.png;0;poly;0;0;0;0;0
cell1719.png;0;poly;0;0;0;0;0
cell1720.png;0;poly;0;0;0;0;1
cell1721.png;0;poly;0;0;0;0;0
cell1722.png;0;poly;0;0;0;0;1
cell1723.png;0;poly;0;0;0;0;0
cell1724.png;0;poly;0;0;0;0;0
cell1725.png;0;poly;0;0;0;0;0
cell1726.png;0;poly;0;0;0;0;0
cell1727.png;0;poly;0;0;0;0;0
cell1728.png;1;poly;0;0;0;0;0
cell1729.png;1;poly;0;0;0;0;0
cell1730.png;1;poly;0;0;0;0;1
cell1731.png;0.666666667;poly;0;0;0;0;0
cell1732.png;1;poly;0;0;0;0;0
cell1733.png;1;poly;0;0;0;0;0
cell1734.png;0;poly;0;0;0;0;0
cell1735.png;0;poly;0;0;0;0;0
cell1736.png;0;poly;0;0;0;0;0
cell1737.png;0;poly;0;0;0;1;0
cell1738.png;0;poly;0;0;0;1;0
cell1739.png;0;poly;0;0;0;1;1
cell1740.png;0;poly;0;0;0;0;0
cell1741.png;0;poly;0;0;0;0;0
cell1742.png;0;poly;0;0;0;0;1
cell1743.png;0.333333333;poly;0;0;0;1;0
cell1744.png;0;poly;0;0;0;0;1
cell1745.png;0;poly;0;0;0;0;0
cell1746.png;0.333333333;poly;0;0;0;0;0
cell1747.png;0;poly;0;0;0;0;0
cell1748.png;0.333333333;poly;0;0;0;0;0
cell1749.png;0;poly;0;0;0;1;0
cell1750.png;0.333333333;poly;0;0;0;1;0
cell1751.png;0;poly;0;0;0;0;0
cell1752.png;0.333333333;poly;0;0;0;0;0
cell1753.png;0;poly;0;0;0;1;0
cell1754.png;0;poly;0;0;0;0;0
cell1755.png;0;poly;0;0;0;0;0
cell1756.png;0;poly;0;0;0;0;0
cell1757.png;0;poly;0;0;0;1;0
cell1758.png;0;poly;0;0;0;0;0
cell1759.png;0;poly;0;0;0;0;0
cell1760.png;0;poly;0;0;0;0;0
cell1761.png;1;poly;1;0;0;0;0
cell1762.png;0;poly;0;0;0;0;0
cell1763.png;0;poly;0;0;0;0;0
cell1764.png;0;poly;0;0;0;1;0
cell1765.png;0;poly;0;0;0;0;0
cell1766.png;0;poly;0;0;0;0;0
cell1767.png;0;poly;0;0;0;0;0
cell1768.png;0.333333333;poly;1;0;0;0;0
cell1769.png;0;poly;0;0;0;0;1
cell1770.png;0;poly;0;0;0;0;0
cell1771.png;0.666666667;poly;1;0;0;0;1
cell1772.png;0;poly;1;0;0;0;0
cell1773.png;0;poly;0;0;0;1;0
cell1774.png;0;poly;0;0;0;1;0
cell1775.png;0;poly;0;0;0;0;0
cell1776.png;0;poly;0;0;0;1;0
cell1777.png;0;poly;0;0;0;0;0
cell1778.png;0;poly;0;0;0;0;1
cell1779.png;0;poly;0;0;0;0;0
cell1780.png;0;poly;0;0;0;1;0
cell1781.png;0.333333333;poly;0;0;0;1;0
cell1782.png;0;poly;0;0;0;1;0
cell1783.png;0;poly;0;0;0;0;0
cell1784.png;0.333333333;poly;0;0;0;0;0
cell1785.png;0;poly;0;0;0;0;0
cell1786.png;0;poly;0;0;0;0;0
cell1787.png;0;poly;0;0;0;0;0
cell1788.png;0;poly;0;0;0;0;0
cell1789.png;0;poly;0;0;0;0;0
cell1790.png;0;poly;0;0;0;0;0
cell1791.png;0;poly;0;0;0;0;0
cell1792.png;0;poly;0;0;0;0;0
cell1793.png;0;poly;0;0;0;0;0
cell1794.png;0;poly;0;0;0;0;0
cell1795.png;0;poly;0;0;0;0;0
cell1796.png;0;poly;0;0;0;0;0
cell1797.png;0;poly;0;0;0;0;0
cell1798.png;0;poly;0;0;0;0;0
cell1799.png;0;poly;0;0;0;0;1
cell1800.png;0;poly;0;0;0;0;0
cell1801.png;0.333333333;poly;0;0;0;0;0
cell1802.png;0;poly;0;0;0;0;0
cell1803.png;0.333333333;poly;0;0;0;0;0
cell1804.png;0;poly;0;0;0;0;1
cell1805.png;0;poly;0;0;0;0;0
cell1806.png;0.333333333;poly;0;0;0;1;0
cell1807.png;0.333333333;poly;0;0;0;1;0
cell1808.png;0.333333333;poly;0;0;0;0;0
cell1809.png;0.333333333;poly;0;0;0;0;0
cell1810.png;0;poly;0;0;0;0;1
cell1811.png;0;poly;0;0;0;0;0
cell1812.png;0.333333333;poly;0;0;0;1;0
cell1813.png;0.333333333;poly;0;0;0;1;0
cell1814.png;0.333333333;poly;0;0;0;1;0
cell1815.png;0;poly;0;0;0;0;0
cell1816.png;0;poly;0;0;0;0;0
cell1817.png;0;poly;0;0;0;1;1
cell1818.png;0;poly;0;0;0;0;1
cell1819.png;0.333333333;poly;0;0;0;1;0
cell1820.png;1;poly;1;0;0;0;0
cell1821.png;0.333333333;poly;0;0;0;0;0
cell1822.png;0;poly;0;0;0;0;0
cell1823.png;0.333333333;poly;0;0;0;0;0
cell1824.png;0.333333333;poly;0;0;0;0;0
cell1825.png;0;poly;0;0;0;0;0
cell1826.png;0;poly;0;0;0;0;0
cell1827.png;0;poly;0;0;0;0;0
cell1828.png;0;poly;0;0;0;0;0
cell1829.png;0;poly;0;0;0;0;1
cell1830.png;0;poly;0;0;0;1;0
cell1831.png;0;poly;0;0;0;1;0
cell1832.png;0;poly;0;0;0;0;0
cell1833.png;0;poly;0;0;0;0;0
cell1834.png;0;poly;0;0;0;0;0
cell1835.png;0.333333333;poly;0;0;1;0;0
cell1836.png;1;poly;0;0;0;0;0
cell1837.png;1;poly;0;0;0;0;0
cell1838.png;1;poly;0;0;1;0;0
cell1839.png;0.666666667;poly;0;0;0;0;0
cell1840.png;0;poly;0;0;0;0;0
cell1841.png;0.666666667;poly;0;0;0;0;0
cell1842.png;1;poly;0;0;0;0;0
cell1843.png;1;poly;0;0;0;0;1
cell1844.png;1;poly;0;0;0;0;0
cell1845.png;0.333333333;poly;0;0;0;1;0
cell1846.png;0;poly;0;0;0;1;0
cell1847.png;1;poly;0;0;1;0;0
cell1848.png;0;poly;0;0;0;0;0
cell1849.png;0.333333333;poly;0;0;0;1;0
cell1850.png;0;poly;0;0;0;1;0
cell1851.png;0;poly;0;0;0;1;0
cell1852.png;0.333333333;poly;0;0;0;1;0
cell1853.png;0.333333333;poly;0;0;0;1;1
cell1854.png;1;poly;0;0;1;1;0
cell1855.png;0;poly;0;0;0;1;0
cell1856.png;0.333333333;poly;0;0;0;1;0
cell1857.png;0;poly;0;0;0;1;0
cell1858.png;0;poly;0;0;0;1;0
cell1859.png;0;poly;0;0;0;1;0
cell1860.png;0;poly;0;0;0;0;0
cell1861.png;0;poly;0;0;0;0;0
cell1862.png;0;poly;0;0;0;0;0
cell1863.png;0;poly;0;0;0;0;1
cell1864.png;0;poly;0;0;0;0;1
cell1865.png;0;poly;0;0;0;0;1
cell1866.png;0;poly;0;0;0;0;0
cell1867.png;0;poly;0;0;0;0;0
cell1868.png;0;poly;0;0;0;0;1
cell1869.png;0;poly;0;0;0;0;0
cell1870.png;0;poly;0;0;0;0;0
cell1871.png;0;poly;0;0;0;0;0
cell1872.png;0;poly;0;0;0;0;0
cell1873.png;0;poly;0;0;0;0;0
cell1874.png;0;poly;0;0;0;0;0
cell1875.png;0;poly;0;0;0;0;0
cell1876.png;0;poly;0;0;0;1;0
cell1877.png;0;poly;0;0;0;0;0
cell1878.png;0;poly;0;0;0;0;0
cell1879.png;0;poly;0;0;0;0;0
cell1880.png;0;poly;0;0;0;0;0
cell1881.png;0;poly;0;0;0;0;0
cell1882.png;0;poly;0;0;0;0;0
cell1883.png;0;poly;0;0;0;0;0
cell1884.png;0;poly;0;0;0;0;0
cell1885.png;0;poly;0;0;0;0;0
cell1886.png;0;poly;0;0;0;0;0
cell1887.png;0;poly;0;0;0;0;0
cell1888.png;0;poly;0;0;0;0;0
cell1889.png;0;poly;0;0;0;0;1
cell1890.png;1;poly;1;0;0;0;0
cell1891.png;0;poly;0;0;0;0;0
cell1892.png;0;poly;0;0;0;0;0
cell1893.png;0;poly;0;0;0;0;0
cell1894.png;0;poly;0;0;0;0;1
cell1895.png;1;poly;0;0;0;0;0
cell1896.png;1;poly;0;0;0;0;0
cell1897.png;1;poly;0;0;0;0;0
cell1898.png;0;poly;0;0;0;0;0
cell1899.png;1;poly;0;0;1;0;0
cell1900.png;1;poly;0;0;0;0;1
cell1901.png;1;poly;0;0;0;0;0
cell1902.png;0.333333333;poly;0;0;0;1;0
cell1903.png;1;poly;0;0;0;0;0
cell1904.png;1;poly;0;0;0;0;0
cell1905.png;0.333333333;poly;0;0;0;1;0
cell1906.png;0.333333333;poly;1;0;0;0;0
cell1907.png;0.333333333;poly;0;0;0;0;1
cell1908.png;0.333333333;poly;0;0;0;0;1
cell1909.png;0;poly;0;0;0;0;1
cell1910.png;0.333333333;poly;0;0;0;0;0
cell1911.png;0;poly;0;0;0;1;0
cell1912.png;0;poly;0;0;0;0;0
cell1913.png;0.333333333;poly;0;0;0;1;0
cell1914.png;0.333333333;poly;0;0;0;1;0
cell1915.png;0;poly;0;0;0;0;0
cell1916.png;0;poly;0;0;0;0;0
cell1917.png;0;poly;0;0;0;1;0
cell1918.png;0;poly;0;0;0;1;0
cell1919.png;0.333333333;poly;0;0;0;0;1
cell1920.png;0.333333333;poly;0;0;0;0;0
cell1921.png;0.333333333;poly;0;0;0;0;0
cell1922.png;0;poly;0;0;0;0;1
cell1923.png;0.666666667;poly;0;0;1;0;0
cell1924.png;0;poly;0;0;0;0;0
cell1925.png;0;poly;0;0;0;1;0
cell1926.png;0;poly;0;0;0;0;0
cell1927.png;0.333333333;poly;0;0;0;1;0
cell1928.png;0.333333333;poly;0;0;0;0;0
cell1929.png;0;poly;0;0;0;1;0
cell1930.png;0.333333333;poly;0;0;0;0;0
cell1931.png;0;poly;0;0;0;1;0
cell1932.png;0.333333333;poly;0;0;0;1;0
cell1933.png;0.333333333;poly;0;0;0;1;1
cell1934.png;0;poly;0;0;0;0;0
cell1935.png;0.333333333;poly;0;0;0;1;0
cell1936.png;0;poly;0;0;0;0;0
cell1937.png;0.333333333;poly;0;0;0;0;0
cell1938.png;0;poly;0;0;0;0;0
cell1939.png;0;poly;0;0;0;1;0
cell1940.png;0;poly;0;0;0;0;1
cell1941.png;0.333333333;poly;0;0;0;0;0
cell1942.png;0.333333333;poly;0;0;0;0;0
cell1943.png;0.333333333;poly;0;0;0;0;0
cell1944.png;0;poly;0;0;0;0;0
cell1945.png;0;poly;0;0;0;1;0
cell1946.png;0;poly;0;0;0;0;0
cell1947.png;0;poly;0;0;0;0;0
cell1948.png;0;poly;0;0;0;0;0
cell1949.png;0;poly;0;0;0;1;0
cell1950.png;0.666666667;poly;0;0;0;1;0
cell1951.png;0;poly;0;0;0;1;0
cell1952.png;0;poly;0;0;0;1;0
cell1953.png;0.666666667;poly;0;0;1;1;0
cell1954.png;1;poly;0;0;0;1;1
cell1955.png;1;poly;0;0;1;0;0
cell1956.png;1;poly;0;0;1;0;0
cell1957.png;1;poly;0;0;1;1;0
cell1958.png;0;poly;0;0;0;0;1
cell1959.png;0.333333333;poly;0;0;1;0;0
cell1960.png;0;poly;0;0;0;0;0
cell1961.png;1;poly;0;0;0;0;0
cell1962.png;1;poly;0;0;0;0;0
cell1963.png;0;poly;0;0;0;0;0
cell1964.png;1;poly;0;0;0;0;1
cell1965.png;0.666666667;poly;0;0;0;0;0
cell1966.png;0;poly;0;0;0;0;1
cell1967.png;0;poly;0;0;0;0;0
cell1968.png;0;poly;0;0;0;0;0
cell1969.png;0;poly;0;0;0;0;0
cell1970.png;0;poly;0;0;0;0;0
cell1971.png;0;poly;0;0;0;0;0
cell1972.png;0;poly;0;0;0;0;0
cell1973.png;0;poly;0;0;0;0;0
cell1974.png;0;poly;0;0;0;0;0
cell1975.png;0;poly;0;0;0;0;0
cell1976.png;1;poly;0;1;0;0;0
cell1977.png;0;poly;0;0;0;0;0
cell1978.png;0;poly;0;0;0;0;0
cell1979.png;0;poly;0;0;0;0;0
cell1980.png;0;poly;0;0;0;0;0
cell1981.png;0;poly;0;0;0;0;0
cell1982.png;1;poly;1;0;0;0;0
cell1983.png;0;poly;0;0;0;0;0
cell1984.png;0;poly;0;0;0;1;0
cell1985.png;0;poly;0;0;0;0;0
cell1986.png;0;poly;0;0;0;0;0
cell1987.png;0;poly;0;0;0;0;0
cell1988.png;0;poly;0;0;0;0;1
cell1989.png;1;poly;1;0;0;0;0
cell1990.png;0;poly;0;0;0;0;0
cell1991.png;1;poly;1;0;0;0;0
cell1992.png;1;poly;1;0;0;0;0
cell1993.png;1;poly;1;0;0;0;0
cell1994.png;0;poly;0;0;0;0;0
cell1995.png;0;poly;0;0;0;0;0
cell1996.png;0;poly;0;0;0;0;0
cell1997.png;0;poly;0;0;0;0;0
cell1998.png;0;poly;0;0;0;0;0
cell1999.png;0;poly;0;0;0;0;0
cell2000.png;0;poly;0;0;0;0;0
cell2001.png;0;poly;0;0;0;0;0
cell2002.png;0;poly;0;0;0;0;0
cell2003.png;0;poly;0;0;0;0;0
cell2004.png;0;poly;0;0;0;0;0
cell2005.png;0;poly;0;0;0;0;0
cell2006.png;0;poly;0;0;0;0;1
cell2007.png;0;poly;0;0;0;0;0
cell2008.png;0;poly;0;0;0;0;1
cell2009.png;0;poly;0;0;0;0;0
cell2010.png;1;poly;1;0;0;0;0
cell2011.png;0;poly;0;0;0;0;0
cell2012.png;0.333333333;poly;0;0;0;0;0
cell2013.png;0.333333333;poly;0;0;0;0;1
cell2014.png;1;poly;0;0;0;0;0
cell2015.png;0.333333333;poly;0;0;1;0;0
cell2016.png;0;poly;0;0;0;0;1
cell2017.png;1;poly;1;0;0;0;0
cell2018.png;1;poly;0;0;0;0;1
cell2019.png;0;poly;1;0;0;0;0
cell2020.png;0;poly;0;0;0;0;0
cell2021.png;0.333333333;poly;0;0;0;0;0
cell2022.png;0.333333333;poly;0;0;0;0;0
cell2023.png;0.333333333;poly;0;0;0;0;0
cell2024.png;0.333333333;poly;0;0;0;0;1
cell2025.png;0.333333333;poly;0;0;0;0;0
cell2026.png;0;poly;0;0;0;0;0
cell2027.png;0;poly;0;0;0;0;0
cell2028.png;0;poly;0;0;0;0;0
cell2029.png;0;poly;0;0;0;1;0
cell2030.png;0;poly;0;0;0;0;0
cell2031.png;0;poly;0;0;0;0;0
cell2032.png;0;poly;0;0;0;0;1
cell2033.png;0;poly;0;0;0;0;1
cell2034.png;0.333333333;poly;0;0;0;0;0
cell2035.png;0;poly;0;0;0;0;0
cell2036.png;1;poly;1;0;0;0;0
cell2037.png;0;poly;0;0;0;0;0
cell2038.png;1;poly;1;0;0;0;0
cell2039.png;1;poly;0;0;0;0;0
cell2040.png;0;poly;0;0;0;0;0
cell2041.png;0;poly;0;0;0;0;0
cell2042.png;1;poly;1;0;0;0;0
cell2043.png;0;poly;0;0;0;0;1
cell2044.png;1;poly;1;0;0;0;0
cell2045.png;0;poly;0;0;0;0;0
cell2046.png;0;poly;0;0;0;0;0
cell2047.png;0;poly;0;0;0;0;0
cell2048.png;0;poly;0;0;0;0;0
cell2049.png;0;poly;0;0;0;0;0
cell2050.png;0;poly;0;0;0;0;0
cell2051.png;1;poly;1;1;0;0;0
cell2052.png;1;poly;1;1;0;1;1
cell2053.png;1;poly;1;0;0;1;0
cell2054.png;1;poly;1;0;0;0;0
cell2055.png;1;poly;1;0;0;0;0
cell2056.png;0;poly;0;0;0;0;0
cell2057.png;1;poly;1;1;0;0;0
cell2058.png;0;poly;0;0;0;0;0
cell2059.png;0;poly;0;0;0;0;0
cell2060.png;1;poly;1;0;0;0;0
cell2061.png;1;poly;1;0;0;1;0
cell2062.png;1;poly;1;0;0;1;0
cell2063.png;0;poly;0;0;0;0;0
cell2064.png;0;poly;0;0;0;0;0
cell2065.png;0;poly;0;0;0;0;1
cell2066.png;0;poly;0;0;0;0;0
cell2067.png;0;poly;0;0;0;0;0
cell2068.png;1;poly;1;1;0;0;0
cell2069.png;0;poly;0;0;0;0;0
cell2070.png;1;poly;1;0;0;0;0
cell2071.png;1;poly;1;1;0;0;0
cell2072.png;1;poly;1;0;0;0;0
cell2073.png;0;poly;0;0;0;0;0
cell2074.png;1;poly;1;0;0;0;0
cell2075.png;0;poly;0;0;0;0;0
cell2076.png;0.333333333;poly;0;0;0;0;0
cell2077.png;0.333333333;poly;0;0;0;0;0
cell2078.png;0;poly;0;0;0;0;0
cell2079.png;0;poly;0;0;0;0;0
cell2080.png;0;poly;0;0;0;0;0
cell2081.png;1;poly;1;0;0;0;0
cell2082.png;0.333333333;poly;0;0;0;0;1
cell2083.png;0.333333333;poly;0;0;0;0;0
cell2084.png;0.333333333;poly;0;0;0;0;0
cell2085.png;0;poly;0;0;0;0;0
cell2086.png;0;poly;0;0;0;0;0
cell2087.png;0;poly;0;0;0;1;0
cell2088.png;0;poly;0;0;0;0;0
cell2089.png;1;poly;0;0;0;0;0
cell2090.png;0.333333333;poly;1;0;0;0;0
cell2091.png;0;poly;0;0;0;0;0
cell2092.png;0.333333333;poly;0;0;0;0;0
cell2093.png;0;poly;0;0;0;0;0
cell2094.png;0;poly;0;0;0;0;1
cell2095.png;0;poly;0;0;0;0;0
cell2096.png;0;poly;0;0;0;0;0
cell2097.png;0;poly;0;0;0;0;0
cell2098.png;0;poly;0;0;0;0;0
cell2099.png;0;poly;0;0;0;0;0
cell2100.png;0;poly;0;0;0;0;0
cell2101.png;0;poly;0;0;0;1;0
cell2102.png;0;poly;0;0;0;0;0
cell2103.png;0;poly;0;0;0;0;1
cell2104.png;0;poly;0;0;0;0;0
cell2105.png;0.333333333;poly;0;0;0;0;0
cell2106.png;0;poly;0;0;0;0;0
cell2107.png;0;poly;0;0;0;0;0
cell2108.png;0;poly;0;0;0;0;0
cell2109.png;0;poly;0;0;0;1;0
cell2110.png;0;poly;0;0;0;0;1
cell2111.png;0;poly;0;0;0;0;0
cell2112.png;0;poly;0;0;0;0;0
cell2113.png;0;poly;0;0;0;0;0
cell2114.png;0;poly;0;0;0;0;0
cell2115.png;0;poly;0;0;0;0;0
cell2116.png;0;poly;0;0;0;0;0
cell2117.png;0;poly;0;0;0;0;0
cell2118.png;0;poly;0;0;0;0;0
cell2119.png;0;poly;0;0;0;0;0
cell2120.png;0;poly;0;0;0;0;1
cell2121.png;0;poly;0;0;0;0;0
cell2122.png;0.666666667;poly;1;0;0;0;1
cell2123.png;0;poly;0;0;0;0;0
cell2124.png;0;poly;0;0;0;1;0
cell2125.png;0;poly;0;0;0;0;0
cell2126.png;0;poly;0;0;0;0;0
cell2127.png;0;poly;0;0;0;0;1
cell2128.png;0;poly;0;0;0;0;1
cell2129.png;0;poly;0;0;0;0;0
cell2130.png;0.333333333;poly;0;0;0;0;0
cell2131.png;0.333333333;poly;0;0;0;1;0
cell2132.png;0;poly;0;0;0;0;0
cell2133.png;0;poly;0;0;0;0;0
cell2134.png;0.333333333;poly;0;0;0;0;0
cell2135.png;0;poly;0;0;0;0;0
cell2136.png;0.333333333;poly;0;0;0;0;0
cell2137.png;0.333333333;poly;0;0;0;0;0
cell2138.png;0;poly;0;0;0;0;0
cell2139.png;0;poly;0;0;0;0;0
cell2140.png;0;poly;0;0;0;0;0
cell2141.png;0;poly;0;0;0;0;0
cell2142.png;0.333333333;poly;0;0;0;0;0
cell2143.png;0.333333333;poly;0;0;0;0;0
cell2144.png;0.333333333;poly;0;0;0;0;0
cell2145.png;0;mono;0;0;0;0;0
cell2146.png;0;mono;0;0;0;0;0
cell2147.png;0;mono;0;0;0;0;0
cell2148.png;0;mono;0;0;0;0;0
cell2149.png;0;mono;0;0;0;0;0
cell2150.png;0;mono;0;0;0;0;0
cell2151.png;0;mono;0;0;0;0;0
cell2152.png;0;mono;0;0;0;0;0
cell2153.png;0;mono;0;0;0;0;0
cell2154.png;0;mono;0;0;0;0;0
cell2155.png;0;mono;0;0;0;0;1
cell2156.png;0;mono;0;0;0;0;0
cell2157.png;0;mono;0;0;0;0;1
cell2158.png;0;mono;0;0;0;0;0
cell2159.png;0;mono;0;0;0;0;0
cell2160.png;0;mono;0;0;0;0;0
cell2161.png;0;mono;0;0;0;0;0
cell2162.png;0;mono;0;0;0;0;0
cell2163.png;0;mono;0;0;0;0;1
cell2164.png;0;mono;0;0;0;0;0
cell2165.png;0;mono;0;0;0;0;0
cell2166.png;0.666666667;mono;0;0;1;0;0
cell2167.png;0;mono;0;0;0;0;0
cell2168.png;0;mono;0;0;0;0;0
cell2169.png;0;mono;0;0;0;0;0
cell2170.png;0;mono;0;0;0;0;1
cell2171.png;0;mono;0;0;0;0;0
cell2172.png;0.666666667;mono;0;0;1;0;0
cell2173.png;0.333333333;mono;0;0;0;0;0
cell2174.png;0;mono;0;0;0;0;0
cell2175.png;0;mono;0;0;0;0;0
cell2176.png;0.333333333;mono;0;0;1;0;0
cell2177.png;0;mono;0;0;0;0;0
cell2178.png;0;mono;0;0;0;0;0
cell2179.png;0;mono;0;0;0;0;0
cell2180.png;0;mono;0;0;0;0;1
cell2181.png;0.333333333;mono;0;0;0;0;0
cell2182.png;0;mono;0;0;0;0;0
cell2183.png;1;mono;1;0;0;0;0
cell2184.png;0;mono;0;0;0;0;0
cell2185.png;0;mono;0;0;0;0;0
cell2186.png;0;mono;0;0;0;0;0
cell2187.png;0;mono;0;0;0;0;0
cell2188.png;0;mono;0;0;0;0;1
cell2189.png;0;mono;0;0;0;0;0
cell2190.png;0;mono;0;0;0;0;0
cell2191.png;0;mono;0;0;0;0;1
cell2192.png;0;mono;0;0;0;0;0
cell2193.png;0;mono;0;0;0;0;1
cell2194.png;0;mono;0;0;0;0;0
cell2195.png;0;mono;0;0;0;0;0
cell2196.png;0.333333333;mono;0;0;1;0;0
cell2197.png;0.333333333;mono;0;0;1;0;0
cell2198.png;0;mono;0;0;0;0;0
cell2199.png;0;mono;0;0;0;0;1
cell2200.png;0;mono;0;0;0;0;0
cell2201.png;0;mono;0;0;0;0;0
cell2202.png;0.333333333;mono;0;0;0;0;0
cell2203.png;0;mono;0;0;0;0;0
cell2204.png;0.666666667;mono;1;0;0;0;1
cell2205.png;0.666666667;mono;0;0;1;0;0
cell2206.png;0;mono;0;0;0;0;0
cell2207.png;1;mono;1;0;0;0;0
cell2208.png;0;mono;0;0;0;0;0
cell2209.png;0;mono;0;0;0;0;0
cell2210.png;0;mono;0;0;0;0;0
cell2211.png;0;mono;0;0;0;0;0
cell2212.png;0.333333333;mono;0;0;1;0;0
cell2213.png;0;mono;0;0;0;0;0
cell2214.png;0;mono;0;0;0;0;0
cell2215.png;0;mono;0;0;0;0;0
cell2216.png;0;mono;0;0;0;0;0
cell2217.png;0;poly;0;0;0;0;0
cell2218.png;0;poly;0;0;0;0;0
cell2219.png;0;poly;0;0;0;0;0
cell2220.png;0;poly;0;0;0;0;0
cell2221.png;0;poly;0;0;0;0;0
cell2222.png;0;poly;0;0;0;0;0
cell2223.png;0;poly;0;0;0;0;0
cell2224.png;0;poly;0;0;0;0;0
cell2225.png;0;poly;0;0;0;0;1
cell2226.png;0;poly;0;0;0;0;1
cell2227.png;0;poly;0;0;0;0;1
cell2228.png;0;poly;0;0;0;0;0
cell2229.png;0;poly;0;0;0;0;0
cell2230.png;0;poly;0;0;0;0;0
cell2231.png;0;poly;0;0;0;0;0
cell2232.png;0;poly;0;0;0;0;0
cell2233.png;0;poly;0;0;0;0;0
cell2234.png;0;poly;0;0;0;0;0
cell2235.png;0;poly;0;0;0;0;0
cell2236.png;0;poly;0;0;0;0;1
cell2237.png;0;poly;0;0;0;0;0
cell2238.png;0;poly;0;0;0;0;0
cell2239.png;0;poly;0;0;0;0;0
cell2240.png;0;poly;0;0;0;0;0
cell2241.png;0;poly;0;0;0;0;0
cell2242.png;0;poly;0;0;0;0;0
cell2243.png;0;poly;0;0;0;0;0
cell2244.png;0;poly;0;0;0;0;0
cell2245.png;0;poly;0;0;0;0;0
cell2246.png;0;poly;0;0;0;0;0
cell2247.png;0;poly;0;0;0;0;0
cell2248.png;0;poly;0;0;0;0;0
cell2249.png;0;poly;0;0;0;0;0
cell2250.png;0;poly;0;0;0;0;0
cell2251.png;0;poly;0;0;0;0;0
cell2252.png;0;poly;0;0;0;0;0
cell2253.png;0;poly;0;0;0;0;0
cell2254.png;0;poly;0;0;0;0;0
cell2255.png;0;poly;0;0;0;0;1
cell2256.png;0;poly;0;0;0;0;0
cell2257.png;0;poly;0;0;0;0;1
cell2258.png;0;poly;0;0;0;0;0
cell2259.png;0;poly;0;0;0;0;0
cell2260.png;0;poly;0;0;0;0;0
cell2261.png;0;poly;0;0;0;0;0
cell2262.png;0;poly;0;0;0;0;0
cell2263.png;0;poly;0;0;0;0;0
cell2264.png;0;poly;0;0;0;0;0
cell2265.png;0;poly;0;0;0;0;0
cell2266.png;0;poly;0;0;0;0;0
cell2267.png;0;poly;0;0;0;0;0
cell2268.png;0.333333333;poly;0;0;0;0;1
cell2269.png;0;poly;0;0;0;0;0
cell2270.png;0;poly;0;0;0;0;0
cell2271.png;0;poly;0;0;0;0;0
cell2272.png;0;poly;0;0;0;0;0
cell2273.png;0;poly;0;0;0;0;0
cell2274.png;0;poly;0;0;0;0;0
cell2275.png;0;poly;0;0;0;0;1
cell2276.png;0;poly;0;0;0;0;0
cell2277.png;0.333333333;poly;0;0;0;0;0
cell2278.png;0;poly;0;0;0;0;0
cell2279.png;0;poly;0;0;0;0;0
cell2280.png;0;poly;0;0;0;0;0
cell2281.png;0;poly;0;0;0;0;0
cell2282.png;0;poly;0;0;0;0;0
cell2283.png;0;poly;0;0;0;0;0
cell2284.png;0;poly;0;0;0;0;0
cell2285.png;0;poly;0;0;0;1;0
cell2286.png;0;poly;0;0;0;0;0
cell2287.png;0;poly;0;0;0;0;0
cell2288.png;0.333333333;poly;0;0;1;0;0
cell2289.png;1;poly;1;0;0;0;0
cell2290.png;0.333333333;poly;0;0;0;0;0
cell2291.png;0;poly;0;0;0;0;0
cell2292.png;0.333333333;poly;0;0;1;0;0
cell2293.png;0;poly;0;0;0;0;1
cell2294.png;0.333333333;poly;0;0;0;0;0
cell2295.png;0.333333333;poly;0;0;1;0;0
cell2296.png;0;poly;0;0;0;0;0
cell2297.png;0;poly;0;0;0;0;0
cell2298.png;0;poly;0;0;0;0;1
cell2299.png;0;poly;0;0;0;0;0
cell2300.png;0;poly;0;0;0;0;0
cell2301.png;0;poly;0;0;0;0;0
cell2302.png;0;poly;0;0;0;0;0
cell2303.png;0;poly;0;0;0;0;0
cell2304.png;0;poly;0;0;0;0;0
cell2305.png;0;poly;0;0;0;0;0
cell2306.png;0;poly;0;0;0;1;0
cell2307.png;0;poly;0;0;0;0;0
cell2308.png;0;poly;0;0;0;0;1
cell2309.png;0;poly;0;0;0;0;1
cell2310.png;0;poly;0;0;0;0;0
cell2311.png;0;poly;0;0;0;0;0
cell2312.png;0;poly;0;0;0;0;0
cell2313.png;0;poly;0;0;0;0;0
cell2314.png;0;poly;0;0;0;0;0
cell2315.png;0;poly;0;0;0;0;0
cell2316.png;0;poly;0;0;0;0;0
cell2317.png;0;poly;0;0;0;0;1
cell2318.png;0.333333333;poly;0;0;0;1;0
cell2319.png;0;poly;0;0;0;0;0
cell2320.png;0;poly;0;0;0;0;0
cell2321.png;0;poly;0;0;0;0;0
cell2322.png;0;poly;0;0;0;0;0
cell2323.png;0.333333333;poly;0;0;0;0;0
cell2324.png;0.333333333;poly;0;0;0;1;0
cell2325.png;0;poly;0;0;0;0;1
cell2326.png;0.333333333;poly;0;0;0;0;0
cell2327.png;1;poly;0;0;0;0;0
cell2328.png;1;poly;0;0;0;0;0
cell2329.png;1;poly;0;0;0;0;0
cell2330.png;1;poly;0;0;0;0;1
cell2331.png;0.333333333;poly;0;0;0;0;1
cell2332.png;1;poly;0;0;0;1;0
cell2333.png;1;poly;0;0;0;0;1
cell2334.png;1;poly;0;0;0;0;0
cell2335.png;1;poly;0;0;0;0;0
cell2336.png;1;poly;0;0;0;0;1
cell2337.png;0;poly;0;0;0;0;0
cell2338.png;0;poly;0;0;0;0;0
cell2339.png;0;poly;0;0;0;0;0
cell2340.png;0;poly;0;0;0;0;1
cell2341.png;0;poly;0;0;0;0;0
cell2342.png;0;poly;0;0;0;0;0
cell2343.png;0;poly;0;0;0;0;0
cell2344.png;0;poly;0;0;0;1;1
cell2345.png;0;poly;0;0;0;0;0
cell2346.png;0;poly;0;0;0;0;0
cell2347.png;0;poly;0;0;0;0;0
cell2348.png;0;poly;0;0;0;0;0
cell2349.png;0;poly;0;0;0;0;1
cell2350.png;1;poly;1;0;0;0;0
cell2351.png;0;poly;0;0;0;0;1
cell2352.png;0;poly;0;0;0;0;0
cell2353.png;0;poly;0;0;0;0;0
cell2354.png;0;poly;0;0;0;0;0
cell2355.png;0;poly;0;0;0;0;0
cell2356.png;0;poly;0;0;0;0;0
cell2357.png;0;poly;0;0;0;0;1
cell2358.png;0;poly;0;0;0;0;0
cell2359.png;0;poly;0;0;0;0;0
cell2360.png;0;poly;0;0;0;0;0
cell2361.png;0;poly;0;0;0;0;0
cell2362.png;1;poly;1;0;0;1;0
cell2363.png;0;poly;0;0;0;0;0
cell2364.png;0;poly;0;0;0;0;0
cell2365.png;0;poly;0;0;0;0;0
cell2366.png;0;poly;0;0;0;0;0
cell2367.png;0.666666667;poly;0;0;0;1;0
cell2368.png;0;poly;0;0;0;1;0
cell2369.png;0.666666667;poly;0;0;0;0;0
cell2370.png;0;poly;0;0;0;1;0
cell2371.png;0;poly;0;0;0;0;0
cell2372.png;0;poly;0;0;0;0;0
cell2373.png;0;poly;0;0;0;0;0
cell2374.png;0;poly;0;0;0;1;0
cell2375.png;0;poly;0;0;0;1;0
cell2376.png;0;poly;0;0;0;0;0
cell2377.png;0;poly;0;0;0;0;0
cell2378.png;0;poly;0;0;0;0;1
cell2379.png;0;poly;0;0;0;0;1
cell2380.png;0;poly;0;0;0;0;0
cell2381.png;0;poly;0;0;0;0;0
cell2382.png;0;poly;0;0;0;0;0
cell2383.png;0;poly;0;0;0;0;0
cell2384.png;0;poly;0;0;0;0;0
cell2385.png;0;poly;0;0;0;0;0
cell2386.png;0.333333333;poly;0;0;0;0;0
cell2387.png;0;poly;0;0;0;0;0
cell2388.png;0;poly;0;0;0;1;0
cell2389.png;0;poly;0;0;0;0;0
cell2390.png;0;poly;0;0;0;0;0
cell2391.png;0;poly;0;0;0;0;0
cell2392.png;1;poly;1;0;0;0;1
cell2393.png;0;poly;0;0;0;0;0
cell2394.png;0;poly;0;0;0;0;0
cell2395.png;0;poly;0;0;0;0;0
cell2396.png;0;poly;0;0;0;0;0
cell2397.png;0.333333333;mono;0;0;1;0;0
cell2398.png;0;mono;0;0;0;0;1
cell2399.png;0;mono;0;0;0;1;0
cell2400.png;0.333333333;mono;0;0;1;0;0
cell2401.png;0;mono;0;0;0;0;0
cell2402.png;0;mono;0;0;0;0;0
cell2403.png;0;mono;0;0;0;0;0
cell2404.png;0;mono;0;0;0;0;0
cell2405.png;0;mono;0;0;0;0;0
cell2406.png;0;mono;0;0;0;0;0
cell2407.png;0;mono;0;0;0;0;0
cell2408.png;0.333333333;mono;0;0;0;1;1
cell2409.png;0;mono;0;0;0;0;0
cell2410.png;0.333333333;mono;0;0;0;1;1
cell2411.png;0;mono;0;0;1;0;0
cell2412.png;0.333333333;mono;0;0;0;0;0
cell2413.png;0.333333333;mono;0;0;0;1;1
cell2414.png;0.333333333;mono;0;0;0;1;0
cell2415.png;0;mono;0;0;0;0;0
cell2416.png;0;mono;0;0;0;0;0
cell2417.png;0.333333333;mono;0;0;0;1;1
cell2418.png;0;mono;0;0;0;0;0
cell2419.png;0;mono;0;0;1;0;0
cell2420.png;0;mono;0;0;1;0;0
cell2421.png;0;mono;0;0;0;0;0
cell2422.png;0;mono;0;0;0;0;1
cell2423.png;0;mono;0;0;0;0;1
cell2424.png;0;mono;0;0;0;0;0
cell2425.png;0;mono;0;0;0;0;0
cell2426.png;0;mono;0;0;0;0;0
cell2427.png;0.666666667;mono;1;0;0;0;0
cell2428.png;0;mono;0;0;0;1;0
cell2429.png;0;mono;0;0;0;0;0
cell2430.png;0;mono;0;0;0;0;0
cell2431.png;1;mono;1;0;0;0;0
cell2432.png;0;mono;1;0;0;0;0
cell2433.png;0;mono;1;0;0;0;0
cell2434.png;0;mono;0;0;0;0;0
cell2435.png;0.666666667;mono;1;0;0;0;0
cell2436.png;0;mono;0;0;0;0;0
cell2437.png;1;mono;1;0;0;0;0
cell2438.png;1;mono;0;0;1;0;0
cell2439.png;1;mono;0;0;1;0;0
cell2440.png;1;mono;0;0;1;0;0
cell2441.png;0;mono;0;0;0;0;0
cell2442.png;0;mono;0;0;0;0;0
cell2443.png;0;mono;0;0;0;1;0
cell2444.png;0;mono;0;0;0;0;0
cell2445.png;0;poly;0;0;0;0;0
cell2446.png;1;poly;1;0;0;0;1
cell2447.png;0;poly;0;0;0;0;0
cell2448.png;0;poly;0;0;0;0;0
cell2449.png;0;poly;0;0;0;0;0
cell2450.png;0;poly;0;0;0;0;0
cell2451.png;0;poly;0;0;0;0;0
cell2452.png;0;poly;0;0;0;0;1
cell2453.png;0;poly;0;0;0;0;0
cell2454.png;0;poly;0;0;0;0;0
cell2455.png;0;poly;0;0;0;0;0
cell2456.png;1;poly;1;0;0;0;1
cell2457.png;0;poly;0;0;0;0;0
cell2458.png;0;poly;0;0;0;0;0
cell2459.png;0;poly;0;0;0;0;0
cell2460.png;0;poly;0;0;0;0;0
cell2461.png;0;poly;0;0;0;0;0
cell2462.png;0;poly;0;0;0;0;1
cell2463.png;0;poly;0;0;0;0;0
cell2464.png;0;poly;0;0;0;0;1
cell2465.png;0;poly;0;0;0;0;0
cell2466.png;0;poly;0;0;0;0;0
cell2467.png;0;poly;0;0;0;0;0
cell2468.png;0;poly;0;0;0;0;0
cell2469.png;0;poly;0;0;0;0;0
cell2470.png;0;poly;0;0;0;0;0
cell2471.png;0;poly;0;0;0;0;0
cell2472.png;0;poly;0;0;0;0;0
cell2473.png;0;poly;0;0;0;0;0
cell2474.png;0;poly;0;0;0;0;0
cell2475.png;0;poly;0;0;0;0;0
cell2476.png;0;poly;0;0;0;0;0
cell2477.png;0;poly;0;0;0;0;0
cell2478.png;0;poly;0;0;0;0;0
cell2479.png;0;poly;0;0;0;0;0
cell2480.png;0;poly;0;0;0;0;0
cell2481.png;0;poly;0;0;0;0;0
cell2482.png;0;poly;0;0;0;0;0
cell2483.png;0.333333333;poly;0;0;0;0;0
cell2484.png;0.333333333;poly;0;0;0;0;0
cell2485.png;0;poly;0;0;0;0;0
cell2486.png;0;poly;0;0;0;0;1
cell2487.png;0;poly;0;0;0;0;0
cell2488.png;0;poly;0;0;0;0;1
cell2489.png;0;poly;0;0;0;0;0
cell2490.png;0;poly;0;0;0;0;0
cell2491.png;0;poly;0;0;0;0;0
cell2492.png;0;poly;0;0;0;0;0
cell2493.png;0;poly;0;0;0;0;0
cell2494.png;0;poly;0;0;0;0;0
cell2495.png;0;poly;0;0;0;0;0
cell2496.png;0;poly;0;0;0;0;0
cell2497.png;0;poly;0;0;0;0;1
cell2498.png;0;poly;0;0;0;0;0
cell2499.png;0;poly;0;0;0;0;0
cell2500.png;0;poly;0;0;0;0;1
cell2501.png;0;poly;0;0;0;0;0
cell2502.png;0;poly;0;0;0;0;0
cell2503.png;0;poly;0;0;0;0;0
cell2504.png;0;poly;0;0;0;0;0
cell2505.png;0;poly;0;0;0;0;0
cell2506.png;0;poly;0;0;0;0;0
cell2507.png;0;poly;0;0;0;0;0
cell2508.png;0;poly;0;0;0;0;0
cell2509.png;1;poly;1;0;0;0;1
cell2510.png;0;poly;0;0;0;0;1
cell2511.png;0;poly;0;0;0;0;0
cell2512.png;0;poly;0;0;0;0;0
cell2513.png;0;poly;0;0;0;0;0
cell2514.png;0;poly;0;0;0;0;0
cell2515.png;0;poly;0;0;0;0;0
cell2516.png;1;poly;1;0;0;0;0
cell2517.png;1;poly;1;0;0;0;0
cell2518.png;0;poly;0;0;0;0;0
cell2519.png;0;poly;0;0;0;0;1
cell2520.png;0;poly;0;0;0;0;0
cell2521.png;0;poly;0;0;0;0;0
cell2522.png;0;poly;0;0;0;0;0
cell2523.png;0;poly;0;0;0;0;0
cell2524.png;0;poly;0;0;0;0;0
cell2525.png;1;poly;1;0;0;0;0
cell2526.png;1;poly;1;0;0;0;1
cell2527.png;0;poly;0;0;0;0;1
cell2528.png;0;poly;0;0;0;0;0
cell2529.png;0;poly;0;0;0;0;0
cell2530.png;0;poly;0;0;0;0;0
cell2531.png;0;poly;0;0;0;0;0
cell2532.png;0;poly;0;0;0;0;0
cell2533.png;0;poly;0;0;0;0;0
cell2534.png;0;poly;0;0;0;0;0
cell2535.png;0;poly;0;0;0;0;0
cell2536.png;1;poly;1;0;0;0;0
cell2537.png;0;poly;0;0;0;0;0
cell2538.png;1;poly;1;0;0;0;0
cell2539.png;0;poly;0;0;0;0;0
cell2540.png;0;poly;0;0;0;0;0
cell2541.png;0;poly;0;0;0;0;0
cell2542.png;1;poly;0;0;0;0;1
cell2543.png;0;poly;0;0;0;0;1
cell2544.png;1;poly;1;1;0;0;1
cell2545.png;0;poly;0;0;0;0;0
cell2546.png;1;poly;1;0;0;0;0
cell2547.png;1;poly;1;0;0;0;0
cell2548.png;1;poly;1;0;0;0;0
cell2549.png;0;poly;0;0;0;0;0
cell2550.png;0;poly;0;0;0;0;0
cell2551.png;0;poly;0;0;0;0;0
cell2552.png;0;poly;0;0;0;0;0
cell2553.png;0;poly;0;0;0;0;0
cell2554.png;1;poly;0;0;0;0;0
cell2555.png;0.666666667;poly;0;0;0;0;0
cell2556.png;0;poly;0;0;0;0;0
cell2557.png;0;poly;0;0;0;0;0
cell2558.png;0;poly;0;0;0;0;0
cell2559.png;0;poly;0;0;0;0;0
cell2560.png;0;poly;0;0;0;0;0
cell2561.png;0;poly;0;0;0;0;0
cell2562.png;0;poly;0;0;0;0;0
cell2563.png;0;poly;0;0;0;0;0
cell2564.png;0;poly;0;0;0;0;0
cell2565.png;0.333333333;poly;0;0;1;0;1
cell2566.png;0.333333333;poly;0;0;1;0;0
cell2567.png;0.333333333;poly;0;0;0;0;0
cell2568.png;0.333333333;poly;0;0;0;0;0
cell2569.png;0;poly;0;0;0;0;0
cell2570.png;0.333333333;poly;0;0;0;0;0
cell2571.png;0.333333333;poly;0;0;0;0;1
cell2572.png;0.333333333;poly;0;0;0;0;0
cell2573.png;0.333333333;poly;0;0;0;0;0
cell2574.png;0.333333333;poly;0;0;0;0;0
cell2575.png;0.333333333;poly;0;0;0;0;0
cell2576.png;0.333333333;poly;0;0;0;0;1
cell2577.png;0.333333333;poly;0;0;0;0;0
cell2578.png;0;poly;0;0;0;0;0
cell2579.png;0.333333333;poly;0;0;0;0;0
cell2580.png;0;poly;1;0;0;0;0
cell2581.png;0.333333333;poly;0;0;0;0;0
cell2582.png;0;poly;0;0;0;0;0
cell2583.png;0.333333333;poly;0;0;0;0;0
cell2584.png;0.333333333;poly;0;0;0;0;0
cell2585.png;0.333333333;poly;0;0;0;0;0
cell2586.png;0;poly;0;0;0;0;0
cell2587.png;0;poly;0;0;0;0;0
cell2588.png;0.333333333;poly;0;0;0;0;0
cell2589.png;0.333333333;poly;0;0;0;1;1
cell2590.png;0;poly;0;0;0;0;0
cell2591.png;0;poly;0;0;0;0;1
cell2592.png;0;poly;0;0;0;0;0
cell2593.png;0;poly;0;0;0;0;0
cell2594.png;0.333333333;poly;0;0;0;0;0
cell2595.png;0;poly;0;0;0;0;1
cell2596.png;0.333333333;poly;0;0;0;0;1
cell2597.png;0;poly;0;0;0;1;0
cell2598.png;0;poly;0;0;0;0;0
cell2599.png;1;poly;0;1;0;0;0
cell2600.png;0.333333333;poly;0;0;0;1;0
cell2601.png;0;poly;0;0;0;0;1
cell2602.png;0;poly;0;0;0;0;0
cell2603.png;0;poly;0;0;0;0;0
cell2604.png;0.666666667;poly;0;0;0;0;0
cell2605.png;0.333333333;poly;0;0;0;0;0
cell2606.png;0;poly;0;0;0;0;0
cell2607.png;0.333333333;poly;0;0;0;0;0
cell2608.png;0;poly;0;0;0;0;0
cell2609.png;0;poly;0;0;0;0;0
cell2610.png;0;poly;0;0;0;0;0
cell2611.png;0;poly;0;0;0;0;0
cell2612.png;0.333333333;poly;0;0;0;0;0
cell2613.png;0;poly;0;0;0;0;0
cell2614.png;0;poly;0;0;0;0;1
cell2615.png;0.333333333;poly;0;0;0;0;0
cell2616.png;0.333333333;poly;0;0;0;0;1
cell2617.png;0.333333333;poly;0;0;0;0;1
cell2618.png;0.333333333;poly;0;0;0;0;0
cell2619.png;0;poly;0;0;0;0;1
cell2620.png;0;poly;0;0;0;0;0
cell2621.png;0;poly;0;0;0;0;0
cell2622.png;0;poly;0;0;0;0;0
cell2623.png;0;poly;0;0;0;0;0
cell2624.png;0;poly;0;0;0;0;1
